Time,ActiveThreads
"2024-12-10 11:35:33",1
"2024-12-10 11:35:43",1
"2024-12-10 11:35:53",1
"2024-12-10 11:36:00",2
"2024-12-10 11:36:04",2
"2024-12-10 11:36:10",2
"2024-12-10 11:36:16",2
"2024-12-10 11:36:20",2
"2024-12-10 11:36:25",2
"2024-12-10 11:36:29",3
"2024-12-10 11:36:32",3
"2024-12-10 11:36:35",3
"2024-12-10 11:36:40",3
"2024-12-10 11:36:43",3
"2024-12-10 11:36:45",3
"2024-12-10 11:36:50",3
"2024-12-10 11:36:52",3
"2024-12-10 11:36:54",3
"2024-12-10 11:37:00",4
"2024-12-10 11:37:01",4
"2024-12-10 11:37:05",4
"2024-12-10 11:37:06",4
"2024-12-10 11:37:10",4
"2024-12-10 11:37:10",4
"2024-12-10 11:37:14",4
"2024-12-10 11:37:15",4
"2024-12-10 11:37:19",4
"2024-12-10 11:37:20",4
"2024-12-10 11:37:25",4
"2024-12-10 11:37:26",4
"2024-12-10 11:37:30",5
"2024-12-10 11:37:30",5
"2024-12-10 11:37:33",5
"2024-12-10 11:37:35",5
"2024-12-10 11:37:35",5
"2024-12-10 11:37:39",5
"2024-12-10 11:37:40",5
"2024-12-10 11:37:43",5
"2024-12-10 11:37:44",5
"2024-12-10 11:37:46",5
"2024-12-10 11:37:50",5
"2024-12-10 11:37:51",5
"2024-12-10 11:37:53",5
"2024-12-10 11:37:55",5
"2024-12-10 11:37:56",5
"2024-12-10 11:37:59",6
"2024-12-10 11:38:00",6
"2024-12-10 11:38:00",6
"2024-12-10 11:38:04",6
"2024-12-10 11:38:05",6
"2024-12-10 11:38:06",6
"2024-12-10 11:38:09",6
"2024-12-10 11:38:09",6
"2024-12-10 11:38:11",6
"2024-12-10 11:38:15",6
"2024-12-10 11:38:16",6
"2024-12-10 11:38:16",6
"2024-12-10 11:38:20",6
"2024-12-10 11:38:20",6
"2024-12-10 11:38:21",6
"2024-12-10 11:38:24",6
"2024-12-10 11:38:25",6
"2024-12-10 11:38:25",6
"2024-12-10 11:38:29",7
"2024-12-10 11:38:30",7
"2024-12-10 11:38:31",7
"2024-12-10 11:38:32",7
"2024-12-10 11:38:34",7
"2024-12-10 11:38:34",7
"2024-12-10 11:38:35",7
"2024-12-10 11:38:39",7
"2024-12-10 11:38:40",7
"2024-12-10 11:38:41",7
"2024-12-10 11:38:43",7
"2024-12-10 11:38:45",7
"2024-12-10 11:38:45",7
"2024-12-10 11:38:46",7
"2024-12-10 11:38:49",7
"2024-12-10 11:38:50",7
"2024-12-10 11:38:50",7
"2024-12-10 11:38:52",7
"2024-12-10 11:38:55",7
"2024-12-10 11:38:55",7
"2024-12-10 11:38:56",7
"2024-12-10 11:38:59",8
"2024-12-10 11:38:59",8
"2024-12-10 11:39:00",8
"2024-12-10 11:39:00",8
"2024-12-10 11:39:04",8
"2024-12-10 11:39:05",8
"2024-12-10 11:39:06",8
"2024-12-10 11:39:06",8
"2024-12-10 11:39:09",8
"2024-12-10 11:39:10",8
"2024-12-10 11:39:10",8
"2024-12-10 11:39:11",8
"2024-12-10 11:39:14",8
"2024-12-10 11:39:15",8
"2024-12-10 11:39:15",8
"2024-12-10 11:39:16",8
"2024-12-10 11:39:19",8
"2024-12-10 11:39:20",8
"2024-12-10 11:39:20",8
"2024-12-10 11:39:21",8
"2024-12-10 11:39:24",8
"2024-12-10 11:39:24",8
"2024-12-10 11:39:25",8
"2024-12-10 11:39:26",8
"2024-12-10 11:39:29",9
"2024-12-10 11:39:30",9
"2024-12-10 11:39:30",9
"2024-12-10 11:39:31",9
"2024-12-10 11:39:33",9
"2024-12-10 11:39:35",9
"2024-12-10 11:39:35",9
"2024-12-10 11:39:35",9
"2024-12-10 11:39:36",9
"2024-12-10 11:39:39",9
"2024-12-10 11:39:40",9
"2024-12-10 11:39:40",9
"2024-12-10 11:39:40",9
"2024-12-10 11:39:43",9
"2024-12-10 11:39:45",9
"2024-12-10 11:39:45",9
"2024-12-10 11:39:45",9
"2024-12-10 11:39:46",9
"2024-12-10 11:39:49",9
"2024-12-10 11:39:49",9
"2024-12-10 11:39:50",9
"2024-12-10 11:39:50",9
"2024-12-10 11:39:52",9
"2024-12-10 11:39:54",9
"2024-12-10 11:39:55",9
"2024-12-10 11:39:56",9
"2024-12-10 11:39:56",9
"2024-12-10 11:39:59",10
"2024-12-10 11:40:00",10
"2024-12-10 11:40:00",10
"2024-12-10 11:40:00",10
"2024-12-10 11:40:01",10
"2024-12-10 11:40:04",10
"2024-12-10 11:40:05",10
"2024-12-10 11:40:05",10
"2024-12-10 11:40:05",10
"2024-12-10 11:40:06",10
"2024-12-10 11:40:09",10
"2024-12-10 11:40:10",10
"2024-12-10 11:40:10",10
"2024-12-10 11:40:10",10
"2024-12-10 11:40:11",10
"2024-12-10 11:40:14",10
"2024-12-10 11:40:14",10
"2024-12-10 11:40:15",10
"2024-12-10 11:40:15",10
"2024-12-10 11:40:16",10
"2024-12-10 11:40:19",10
"2024-12-10 11:40:20",10
"2024-12-10 11:40:20",10
"2024-12-10 11:40:21",10
"2024-12-10 11:40:21",10
"2024-12-10 11:40:24",10
"2024-12-10 11:40:25",10
"2024-12-10 11:40:25",10
"2024-12-10 11:40:25",10
"2024-12-10 11:40:26",10
"2024-12-10 11:40:29",11
"2024-12-10 11:40:29",11
"2024-12-10 11:40:30",11
"2024-12-10 11:40:30",11
"2024-12-10 11:40:30",11
"2024-12-10 11:40:33",11
"2024-12-10 11:40:34",11
"2024-12-10 11:40:34",11
"2024-12-10 11:40:35",11
"2024-12-10 11:40:35",11
"2024-12-10 11:40:36",11
"2024-12-10 11:40:39",11
"2024-12-10 11:40:39",11
"2024-12-10 11:40:40",11
"2024-12-10 11:40:40",11
"2024-12-10 11:40:40",11
"2024-12-10 11:40:43",11
"2024-12-10 11:40:44",11
"2024-12-10 11:40:45",11
"2024-12-10 11:40:45",11
"2024-12-10 11:40:45",11
"2024-12-10 11:40:46",11
"2024-12-10 11:40:49",11
"2024-12-10 11:40:50",11
"2024-12-10 11:40:50",11
"2024-12-10 11:40:50",11
"2024-12-10 11:40:51",11
"2024-12-10 11:40:53",11
"2024-12-10 11:40:54",11
"2024-12-10 11:40:55",11
"2024-12-10 11:40:55",11
"2024-12-10 11:40:55",11
"2024-12-10 11:40:56",11
"2024-12-10 11:40:59",11
"2024-12-10 11:40:59",11
"2024-12-10 11:41:00",11
"2024-12-10 11:41:00",11
"2024-12-10 11:41:01",11
"2024-12-10 11:41:02",11
"2024-12-10 11:41:04",11
"2024-12-10 11:41:04",11
"2024-12-10 11:41:05",11
"2024-12-10 11:41:05",11
"2024-12-10 11:41:06",11
"2024-12-10 11:41:09",11
"2024-12-10 11:41:10",11
"2024-12-10 11:41:10",11
"2024-12-10 11:41:10",11
"2024-12-10 11:41:11",11
"2024-12-10 11:41:13",11
"2024-12-10 11:41:15",11
"2024-12-10 11:41:15",11
"2024-12-10 11:41:15",11
"2024-12-10 11:41:15",11
"2024-12-10 11:41:16",11
"2024-12-10 11:41:19",11
"2024-12-10 11:41:20",11
"2024-12-10 11:41:20",11
"2024-12-10 11:41:20",11
"2024-12-10 11:41:20",11
"2024-12-10 11:41:22",11
"2024-12-10 11:41:24",11
"2024-12-10 11:41:24",11
"2024-12-10 11:41:25",11
"2024-12-10 11:41:26",11
"2024-12-10 11:41:26",11
"2024-12-10 11:41:29",11
"2024-12-10 11:41:29",11
"2024-12-10 11:41:30",11
"2024-12-10 11:41:30",11
"2024-12-10 11:41:30",11
"2024-12-10 11:41:33",11
"2024-12-10 11:41:34",11
"2024-12-10 11:41:35",11
"2024-12-10 11:41:35",11
"2024-12-10 11:41:36",11
"2024-12-10 11:41:36",11
"2024-12-10 11:41:39",11
"2024-12-10 11:41:40",11
"2024-12-10 11:41:40",11
"2024-12-10 11:41:40",11
"2024-12-10 11:41:41",11
"2024-12-10 11:41:43",11
"2024-12-10 11:41:44",11
"2024-12-10 11:41:45",11
"2024-12-10 11:41:45",11
"2024-12-10 11:41:45",11
"2024-12-10 11:41:46",11
"2024-12-10 11:41:49",11
"2024-12-10 11:41:50",11
"2024-12-10 11:41:50",11
"2024-12-10 11:41:50",11
"2024-12-10 11:41:51",11
"2024-12-10 11:41:53",11
"2024-12-10 11:41:54",11
"2024-12-10 11:41:54",11
"2024-12-10 11:41:54",11
"2024-12-10 11:41:55",11
"2024-12-10 11:41:56",11
"2024-12-10 11:41:59",11
"2024-12-10 11:42:00",11
"2024-12-10 11:42:00",11
"2024-12-10 11:42:01",11
"2024-12-10 11:42:01",11
"2024-12-10 11:42:03",11
"2024-12-10 11:42:05",11
"2024-12-10 11:42:05",11
"2024-12-10 11:42:05",11
"2024-12-10 11:42:05",11
"2024-12-10 11:42:06",11
"2024-12-10 11:42:09",11
"2024-12-10 11:42:10",11
"2024-12-10 11:42:10",11
"2024-12-10 11:42:10",11
"2024-12-10 11:42:10",11
"2024-12-10 11:42:12",11
"2024-12-10 11:42:14",11
"2024-12-10 11:42:14",11
"2024-12-10 11:42:15",11
"2024-12-10 11:42:15",11
"2024-12-10 11:42:16",11
"2024-12-10 11:42:19",11
"2024-12-10 11:42:19",11
"2024-12-10 11:42:19",11
"2024-12-10 11:42:20",11
"2024-12-10 11:42:20",11
"2024-12-10 11:42:23",11
"2024-12-10 11:42:25",11
"2024-12-10 11:42:25",11
"2024-12-10 11:42:25",11
"2024-12-10 11:42:26",11
"2024-12-10 11:42:26",11
"2024-12-10 11:42:30",11
"2024-12-10 11:42:30",11
"2024-12-10 11:42:30",11
"2024-12-10 11:42:30",11
"2024-12-10 11:42:30",11
"2024-12-10 11:42:33",11
"2024-12-10 11:42:34",11
"2024-12-10 11:42:34",11
"2024-12-10 11:42:35",11
"2024-12-10 11:42:35",11
"2024-12-10 11:42:36",11
"2024-12-10 11:42:39",11
"2024-12-10 11:42:39",11
"2024-12-10 11:42:40",11
"2024-12-10 11:42:40",11
"2024-12-10 11:42:41",11
"2024-12-10 11:42:43",11
"2024-12-10 11:42:44",11
"2024-12-10 11:42:44",11
"2024-12-10 11:42:45",11
"2024-12-10 11:42:45",11
"2024-12-10 11:42:46",11
"2024-12-10 11:42:50",11
"2024-12-10 11:42:50",11
"2024-12-10 11:42:50",11
"2024-12-10 11:42:50",11
"2024-12-10 11:42:51",11
"2024-12-10 11:42:53",11
"2024-12-10 11:42:55",11
"2024-12-10 11:42:55",11
"2024-12-10 11:42:55",11
"2024-12-10 11:42:55",11
"2024-12-10 11:42:56",11
"2024-12-10 11:42:59",11
"2024-12-10 11:42:59",11
"2024-12-10 11:43:00",11
"2024-12-10 11:43:00",11
"2024-12-10 11:43:00",11
"2024-12-10 11:43:02",11
"2024-12-10 11:43:04",11
"2024-12-10 11:43:04",11
"2024-12-10 11:43:05",11
"2024-12-10 11:43:06",11
"2024-12-10 11:43:06",11
"2024-12-10 11:43:09",11
"2024-12-10 11:43:09",11
"2024-12-10 11:43:10",11
"2024-12-10 11:43:10",11
"2024-12-10 11:43:11",11
"2024-12-10 11:43:13",11
"2024-12-10 11:43:15",11
"2024-12-10 11:43:15",11
"2024-12-10 11:43:15",11
"2024-12-10 11:43:16",11
"2024-12-10 11:43:16",11
"2024-12-10 11:43:19",11
"2024-12-10 11:43:20",11
"2024-12-10 11:43:20",11
"2024-12-10 11:43:20",11
"2024-12-10 11:43:20",11
"2024-12-10 11:43:23",11
"2024-12-10 11:43:24",11
"2024-12-10 11:43:24",11
"2024-12-10 11:43:25",11
"2024-12-10 11:43:25",11
"2024-12-10 11:43:25",11
"2024-12-10 11:43:29",11
"2024-12-10 11:43:29",11
"2024-12-10 11:43:30",11
"2024-12-10 11:43:30",11
"2024-12-10 11:43:31",11
"2024-12-10 11:43:33",11
"2024-12-10 11:43:34",11
"2024-12-10 11:43:34",11
"2024-12-10 11:43:35",11
"2024-12-10 11:43:35",11
"2024-12-10 11:43:36",11
"2024-12-10 11:43:40",11
"2024-12-10 11:43:40",11
"2024-12-10 11:43:40",11
"2024-12-10 11:43:40",11
"2024-12-10 11:43:41",11
"2024-12-10 11:43:43",11
"2024-12-10 11:43:45",11
"2024-12-10 11:43:45",11
"2024-12-10 11:43:45",11
"2024-12-10 11:43:45",11
"2024-12-10 11:43:46",11
"2024-12-10 11:43:49",11
"2024-12-10 11:43:49",11
"2024-12-10 11:43:49",11
"2024-12-10 11:43:50",11
"2024-12-10 11:43:50",11
"2024-12-10 11:43:52",11
"2024-12-10 11:43:54",11
"2024-12-10 11:43:55",11
"2024-12-10 11:43:55",11
"2024-12-10 11:43:56",11
"2024-12-10 11:43:56",11
"2024-12-10 11:43:59",11
"2024-12-10 11:43:59",11
"2024-12-10 11:44:00",11
"2024-12-10 11:44:00",11
"2024-12-10 11:44:01",11
"2024-12-10 11:44:03",11
"2024-12-10 11:44:05",11
"2024-12-10 11:44:05",11
"2024-12-10 11:44:05",11
"2024-12-10 11:44:06",11
"2024-12-10 11:44:06",11
"2024-12-10 11:44:10",11
"2024-12-10 11:44:10",11
"2024-12-10 11:44:10",11
"2024-12-10 11:44:10",11
"2024-12-10 11:44:10",11
"2024-12-10 11:44:12",11
"2024-12-10 11:44:14",11
"2024-12-10 11:44:14",11
"2024-12-10 11:44:15",11
"2024-12-10 11:44:15",11
"2024-12-10 11:44:15",11
"2024-12-10 11:44:19",11
"2024-12-10 11:44:19",11
"2024-12-10 11:44:20",11
"2024-12-10 11:44:20",11
"2024-12-10 11:44:21",11
"2024-12-10 11:44:23",11
"2024-12-10 11:44:24",11
"2024-12-10 11:44:25",11
"2024-12-10 11:44:25",11
"2024-12-10 11:44:25",11
"2024-12-10 11:44:26",11
"2024-12-10 11:44:30",11
"2024-12-10 11:44:30",11
"2024-12-10 11:44:30",11
"2024-12-10 11:44:30",11
"2024-12-10 11:44:31",11
"2024-12-10 11:44:33",11
"2024-12-10 11:44:34",11
"2024-12-10 11:44:35",11
"2024-12-10 11:44:35",11
"2024-12-10 11:44:35",11
"2024-12-10 11:44:36",11
"2024-12-10 11:44:39",11
"2024-12-10 11:44:39",11
"2024-12-10 11:44:40",11
"2024-12-10 11:44:40",11
"2024-12-10 11:44:40",11
"2024-12-10 11:44:42",11
"2024-12-10 11:44:44",11
"2024-12-10 11:44:45",11
"2024-12-10 11:44:45",11
"2024-12-10 11:44:46",11
"2024-12-10 11:44:46",11
"2024-12-10 11:44:49",11
"2024-12-10 11:44:49",11
"2024-12-10 11:44:50",11
"2024-12-10 11:44:50",11
"2024-12-10 11:44:51",11
"2024-12-10 11:44:53",11
"2024-12-10 11:44:55",11
"2024-12-10 11:44:55",11
"2024-12-10 11:44:55",11
"2024-12-10 11:44:56",11
"2024-12-10 11:44:56",11
"2024-12-10 11:44:59",11
"2024-12-10 11:45:00",11
"2024-12-10 11:45:00",11
"2024-12-10 11:45:00",11
"2024-12-10 11:45:00",11
"2024-12-10 11:45:02",11
"2024-12-10 11:45:04",11
"2024-12-10 11:45:04",11
"2024-12-10 11:45:04",11
"2024-12-10 11:45:05",11
"2024-12-10 11:45:05",11
"2024-12-10 11:45:09",11
"2024-12-10 11:45:09",11
"2024-12-10 11:45:10",11
"2024-12-10 11:45:11",11
"2024-12-10 11:45:11",11
"2024-12-10 11:45:13",11
"2024-12-10 11:45:14",11
"2024-12-10 11:45:15",11
"2024-12-10 11:45:15",11
"2024-12-10 11:45:15",11
"2024-12-10 11:45:16",11
"2024-12-10 11:45:20",11
"2024-12-10 11:45:20",11
"2024-12-10 11:45:20",11
"2024-12-10 11:45:20",11
"2024-12-10 11:45:21",11
"2024-12-10 11:45:23",11
"2024-12-10 11:45:25",11
"2024-12-10 11:45:25",11
"2024-12-10 11:45:25",11
"2024-12-10 11:45:25",11
"2024-12-10 11:45:26",11
"2024-12-10 11:45:29",11
"2024-12-10 11:45:29",11
"2024-12-10 11:45:30",11
"2024-12-10 11:45:30",11
"2024-12-10 11:45:30",11
"2024-12-10 11:45:32",11
"2024-12-10 11:45:34",11
"2024-12-10 11:45:35",11
"2024-12-10 11:45:35",11
"2024-12-10 11:45:36",11
"2024-12-10 11:45:36",11
"2024-12-10 11:45:39",11
"2024-12-10 11:45:39",11
"2024-12-10 11:45:40",11
"2024-12-10 11:45:40",11
"2024-12-10 11:45:41",11
"2024-12-10 11:45:43",11
"2024-12-10 11:45:45",11
"2024-12-10 11:45:45",11
"2024-12-10 11:45:45",11
"2024-12-10 11:45:46",11
"2024-12-10 11:45:46",11
"2024-12-10 11:45:49",11
"2024-12-10 11:45:50",11
"2024-12-10 11:45:50",11
"2024-12-10 11:45:50",11
"2024-12-10 11:45:50",11
"2024-12-10 11:45:53",11
"2024-12-10 11:45:54",11
"2024-12-10 11:45:54",11
"2024-12-10 11:45:55",11
"2024-12-10 11:45:55",11
"2024-12-10 11:45:55",11
"2024-12-10 11:45:59",11
"2024-12-10 11:45:59",11
"2024-12-10 11:46:00",11
"2024-12-10 11:46:00",11
"2024-12-10 11:46:01",11
"2024-12-10 11:46:03",11
"2024-12-10 11:46:04",11
"2024-12-10 11:46:05",11
"2024-12-10 11:46:05",11
"2024-12-10 11:46:06",11
"2024-12-10 11:46:06",11
"2024-12-10 11:46:10",11
"2024-12-10 11:46:10",11
"2024-12-10 11:46:10",11
"2024-12-10 11:46:10",11
"2024-12-10 11:46:11",11
"2024-12-10 11:46:13",11
"2024-12-10 11:46:15",11
"2024-12-10 11:46:15",11
"2024-12-10 11:46:15",11
"2024-12-10 11:46:15",11
"2024-12-10 11:46:16",11
"2024-12-10 11:46:19",11
"2024-12-10 11:46:19",11
"2024-12-10 11:46:20",11
"2024-12-10 11:46:20",11
"2024-12-10 11:46:20",11
"2024-12-10 11:46:22",11
"2024-12-10 11:46:24",11
"2024-12-10 11:46:25",11
"2024-12-10 11:46:25",11
"2024-12-10 11:46:26",11
"2024-12-10 11:46:26",11
"2024-12-10 11:46:29",11
"2024-12-10 11:46:29",11
"2024-12-10 11:46:30",11
"2024-12-10 11:46:30",11
"2024-12-10 11:46:31",11
"2024-12-10 11:46:33",11
"2024-12-10 11:46:35",11
"2024-12-10 11:46:35",11
"2024-12-10 11:46:35",11
"2024-12-10 11:46:36",11
"2024-12-10 11:46:36",11
"2024-12-10 11:46:40",11
"2024-12-10 11:46:40",11
"2024-12-10 11:46:40",11
"2024-12-10 11:46:40",11
"2024-12-10 11:46:40",11
"2024-12-10 11:46:43",11
"2024-12-10 11:46:44",11
"2024-12-10 11:46:44",11
"2024-12-10 11:46:45",11
"2024-12-10 11:46:45",11
"2024-12-10 11:46:45",11
"2024-12-10 11:46:49",11
"2024-12-10 11:46:49",11
"2024-12-10 11:46:50",11
"2024-12-10 11:46:50",11
"2024-12-10 11:46:51",11
"2024-12-10 11:46:53",11
"2024-12-10 11:46:54",11
"2024-12-10 11:46:55",11
"2024-12-10 11:46:55",11
"2024-12-10 11:46:55",11
"2024-12-10 11:46:56",11
"2024-12-10 11:47:00",11
"2024-12-10 11:47:00",11
"2024-12-10 11:47:00",11
"2024-12-10 11:47:00",11
"2024-12-10 11:47:01",11
"2024-12-10 11:47:03",11
"2024-12-10 11:47:05",11
"2024-12-10 11:47:05",11
"2024-12-10 11:47:05",11
"2024-12-10 11:47:05",11
"2024-12-10 11:47:06",11
"2024-12-10 11:47:09",11
"2024-12-10 11:47:09",11
"2024-12-10 11:47:10",11
"2024-12-10 11:47:10",11
"2024-12-10 11:47:10",11
"2024-12-10 11:47:12",11
"2024-12-10 11:47:14",11
"2024-12-10 11:47:15",11
"2024-12-10 11:47:15",11
"2024-12-10 11:47:16",11
"2024-12-10 11:47:16",11
"2024-12-10 11:47:19",11
"2024-12-10 11:47:19",11
"2024-12-10 11:47:20",11
"2024-12-10 11:47:20",11
"2024-12-10 11:47:21",11
"2024-12-10 11:47:23",11
"2024-12-10 11:47:25",11
"2024-12-10 11:47:25",11
"2024-12-10 11:47:25",11
"2024-12-10 11:47:25",11
"2024-12-10 11:47:26",11
"2024-12-10 11:47:29",11
"2024-12-10 11:47:29",11
"2024-12-10 11:47:30",11
"2024-12-10 11:47:30",11
"2024-12-10 11:47:30",11
"2024-12-10 11:47:32",11
"2024-12-10 11:47:34",11
"2024-12-10 11:47:34",11
"2024-12-10 11:47:35",11
"2024-12-10 11:47:35",11
"2024-12-10 11:47:35",11
"2024-12-10 11:47:39",11
"2024-12-10 11:47:39",11
"2024-12-10 11:47:40",11
"2024-12-10 11:47:40",11
"2024-12-10 11:47:41",11
"2024-12-10 11:47:43",11
"2024-12-10 11:47:44",11
"2024-12-10 11:47:45",11
"2024-12-10 11:47:45",11
"2024-12-10 11:47:45",11
"2024-12-10 11:47:46",11
"2024-12-10 11:47:49",11
"2024-12-10 11:47:50",11
"2024-12-10 11:47:50",11
"2024-12-10 11:47:50",11
"2024-12-10 11:47:51",11
"2024-12-10 11:47:53",11
"2024-12-10 11:47:55",11
"2024-12-10 11:47:55",11
"2024-12-10 11:47:55",11
"2024-12-10 11:47:55",11
"2024-12-10 11:47:56",11
"2024-12-10 11:47:59",11
"2024-12-10 11:47:59",11
"2024-12-10 11:48:00",11
"2024-12-10 11:48:00",11
"2024-12-10 11:48:00",11
"2024-12-10 11:48:02",11
"2024-12-10 11:48:04",11
"2024-12-10 11:48:05",11
"2024-12-10 11:48:05",11
"2024-12-10 11:48:06",11
"2024-12-10 11:48:06",11
"2024-12-10 11:48:09",11
"2024-12-10 11:48:09",11
"2024-12-10 11:48:10",11
"2024-12-10 11:48:10",11
"2024-12-10 11:48:11",11
"2024-12-10 11:48:13",11
"2024-12-10 11:48:15",11
"2024-12-10 11:48:15",11
"2024-12-10 11:48:15",11
"2024-12-10 11:48:16",11
"2024-12-10 11:48:16",11
"2024-12-10 11:48:20",11
"2024-12-10 11:48:20",11
"2024-12-10 11:48:20",11
"2024-12-10 11:48:20",11
"2024-12-10 11:48:21",11
"2024-12-10 11:48:23",11
"2024-12-10 11:48:24",11
"2024-12-10 11:48:25",11
"2024-12-10 11:48:25",11
"2024-12-10 11:48:25",11
"2024-12-10 11:48:25",11
"2024-12-10 11:48:29",11
"2024-12-10 11:48:29",11
"2024-12-10 11:48:29",11
"2024-12-10 11:48:30",11
"2024-12-10 11:48:31",11
"2024-12-10 11:48:33",11
"2024-12-10 11:48:34",11
"2024-12-10 11:48:35",11
"2024-12-10 11:48:35",11
"2024-12-10 11:48:35",11
"2024-12-10 11:48:36",11
"2024-12-10 11:48:39",11
"2024-12-10 11:48:40",11
"2024-12-10 11:48:40",11
"2024-12-10 11:48:40",11
"2024-12-10 11:48:41",11
"2024-12-10 11:48:43",11
"2024-12-10 11:48:45",11
"2024-12-10 11:48:45",11
"2024-12-10 11:48:45",11
"2024-12-10 11:48:45",11
"2024-12-10 11:48:46",11
"2024-12-10 11:48:49",11
"2024-12-10 11:48:49",11
"2024-12-10 11:48:50",11
"2024-12-10 11:48:50",11
"2024-12-10 11:48:50",11
"2024-12-10 11:48:52",11
"2024-12-10 11:48:54",11
"2024-12-10 11:48:54",11
"2024-12-10 11:48:55",11
"2024-12-10 11:48:56",11
"2024-12-10 11:48:56",11
"2024-12-10 11:48:59",11
"2024-12-10 11:48:59",11
"2024-12-10 11:49:00",11
"2024-12-10 11:49:00",11
"2024-12-10 11:49:00",11
"2024-12-10 11:49:03",11
"2024-12-10 11:49:04",11
"2024-12-10 11:49:05",11
"2024-12-10 11:49:05",11
"2024-12-10 11:49:06",11
"2024-12-10 11:49:06",11
"2024-12-10 11:49:09",11
"2024-12-10 11:49:10",11
"2024-12-10 11:49:10",11
"2024-12-10 11:49:10",11
"2024-12-10 11:49:10",11
"2024-12-10 11:49:13",11
"2024-12-10 11:49:14",11
"2024-12-10 11:49:15",11
"2024-12-10 11:49:15",11
"2024-12-10 11:49:15",11
"2024-12-10 11:49:16",11
"2024-12-10 11:49:19",11
"2024-12-10 11:49:20",11
"2024-12-10 11:49:20",11
"2024-12-10 11:49:20",11
"2024-12-10 11:49:21",11
"2024-12-10 11:49:23",11
"2024-12-10 11:49:24",11
"2024-12-10 11:49:24",11
"2024-12-10 11:49:25",11
"2024-12-10 11:49:25",11
"2024-12-10 11:49:26",11
"2024-12-10 11:49:29",11
"2024-12-10 11:49:30",11
"2024-12-10 11:49:30",11
"2024-12-10 11:49:30",11
"2024-12-10 11:49:31",11
"2024-12-10 11:49:33",11
"2024-12-10 11:49:34",11
"2024-12-10 11:49:35",11
"2024-12-10 11:49:35",11
"2024-12-10 11:49:35",11
"2024-12-10 11:49:36",11
"2024-12-10 11:49:39",11
"2024-12-10 11:49:39",11
"2024-12-10 11:49:40",11
"2024-12-10 11:49:40",11
"2024-12-10 11:49:40",11
"2024-12-10 11:49:42",11
"2024-12-10 11:49:44",11
"2024-12-10 11:49:45",11
"2024-12-10 11:49:45",11
"2024-12-10 11:49:46",11
"2024-12-10 11:49:46",11
"2024-12-10 11:49:49",11
"2024-12-10 11:49:49",11
"2024-12-10 11:49:50",11
"2024-12-10 11:49:50",11
"2024-12-10 11:49:51",11
"2024-12-10 11:49:53",11
"2024-12-10 11:49:54",11
"2024-12-10 11:49:55",11
"2024-12-10 11:49:55",11
"2024-12-10 11:49:55",11
"2024-12-10 11:49:56",11
"2024-12-10 11:49:59",11
"2024-12-10 11:50:00",11
"2024-12-10 11:50:00",11
"2024-12-10 11:50:00",11
"2024-12-10 11:50:01",11
"2024-12-10 11:50:03",11
"2024-12-10 11:50:04",11
"2024-12-10 11:50:04",11
"2024-12-10 11:50:05",11
"2024-12-10 11:50:05",11
"2024-12-10 11:50:05",11
"2024-12-10 11:50:09",11
"2024-12-10 11:50:09",11
"2024-12-10 11:50:10",11
"2024-12-10 11:50:11",11
"2024-12-10 11:50:11",11
"2024-12-10 11:50:13",11
"2024-12-10 11:50:14",11
"2024-12-10 11:50:15",11
"2024-12-10 11:50:15",11
"2024-12-10 11:50:15",11
"2024-12-10 11:50:16",11
"2024-12-10 11:50:19",11
"2024-12-10 11:50:20",11
"2024-12-10 11:50:20",11
"2024-12-10 11:50:20",11
"2024-12-10 11:50:21",11
"2024-12-10 11:50:23",11
"2024-12-10 11:50:24",11
"2024-12-10 11:50:25",11
"2024-12-10 11:50:25",11
"2024-12-10 11:50:25",11
"2024-12-10 11:50:26",11
"2024-12-10 11:50:29",11
"2024-12-10 11:50:29",11
"2024-12-10 11:50:30",11
"2024-12-10 11:50:30",11
"2024-12-10 11:50:30",11
"2024-12-10 11:50:33",11
"2024-12-10 11:50:34",11
"2024-12-10 11:50:35",11
"2024-12-10 11:50:35",11
"2024-12-10 11:50:36",11
"2024-12-10 11:50:36",11
"2024-12-10 11:50:39",11
"2024-12-10 11:50:39",11
"2024-12-10 11:50:40",11
"2024-12-10 11:50:40",11
"2024-12-10 11:50:40",11
"2024-12-10 11:50:43",11
"2024-12-10 11:50:44",11
"2024-12-10 11:50:45",11
"2024-12-10 11:50:45",11
"2024-12-10 11:50:45",11
"2024-12-10 11:50:46",11
"2024-12-10 11:50:49",11
"2024-12-10 11:50:50",11
"2024-12-10 11:50:50",11
"2024-12-10 11:50:50",11
"2024-12-10 11:50:51",11
"2024-12-10 11:50:53",11
"2024-12-10 11:50:54",11
"2024-12-10 11:50:54",11
"2024-12-10 11:50:55",11
"2024-12-10 11:50:55",11
"2024-12-10 11:50:56",11
"2024-12-10 11:50:59",11
"2024-12-10 11:50:59",11
"2024-12-10 11:51:00",11
"2024-12-10 11:51:01",11
"2024-12-10 11:51:01",11
"2024-12-10 11:51:03",11
"2024-12-10 11:51:04",11
"2024-12-10 11:51:05",11
"2024-12-10 11:51:05",11
"2024-12-10 11:51:05",11
"2024-12-10 11:51:06",11
"2024-12-10 11:51:09",11
"2024-12-10 11:51:10",11
"2024-12-10 11:51:10",11
"2024-12-10 11:51:10",11
"2024-12-10 11:51:11",11
"2024-12-10 11:51:13",11
"2024-12-10 11:51:14",11
"2024-12-10 11:51:15",11
"2024-12-10 11:51:15",11
"2024-12-10 11:51:15",11
"2024-12-10 11:51:16",11
"2024-12-10 11:51:19",11
"2024-12-10 11:51:19",11
"2024-12-10 11:51:20",11
"2024-12-10 11:51:20",11
"2024-12-10 11:51:20",11
"2024-12-10 11:51:23",11
"2024-12-10 11:51:24",11
"2024-12-10 11:51:25",11
"2024-12-10 11:51:25",11
"2024-12-10 11:51:26",11
"2024-12-10 11:51:26",11
"2024-12-10 11:51:29",11
"2024-12-10 11:51:30",11
"2024-12-10 11:51:30",11
"2024-12-10 11:51:30",11
"2024-12-10 11:51:31",11
"2024-12-10 11:51:33",11
"2024-12-10 11:51:34",11
"2024-12-10 11:51:35",11
"2024-12-10 11:51:35",11
"2024-12-10 11:51:35",11
"2024-12-10 11:51:36",11
"2024-12-10 11:51:39",11
"2024-12-10 11:51:39",11
"2024-12-10 11:51:40",11
"2024-12-10 11:51:40",11
"2024-12-10 11:51:40",11
"2024-12-10 11:51:42",11
"2024-12-10 11:51:44",11
"2024-12-10 11:51:44",11
"2024-12-10 11:51:44",11
"2024-12-10 11:51:45",11
"2024-12-10 11:51:45",11
"2024-12-10 11:51:49",11
"2024-12-10 11:51:50",11
"2024-12-10 11:51:50",11
"2024-12-10 11:51:51",11
"2024-12-10 11:51:51",11
"2024-12-10 11:51:53",11
"2024-12-10 11:51:54",11
"2024-12-10 11:51:55",11
"2024-12-10 11:51:55",11
"2024-12-10 11:51:55",11
"2024-12-10 11:51:56",11
"2024-12-10 11:51:59",11
"2024-12-10 11:52:00",11
"2024-12-10 11:52:00",11
"2024-12-10 11:52:00",11
"2024-12-10 11:52:01",11
"2024-12-10 11:52:03",11
"2024-12-10 11:52:05",11
"2024-12-10 11:52:05",11
"2024-12-10 11:52:05",11
"2024-12-10 11:52:05",11
"2024-12-10 11:52:06",11
"2024-12-10 11:52:09",11
"2024-12-10 11:52:09",11
"2024-12-10 11:52:09",11
"2024-12-10 11:52:10",11
"2024-12-10 11:52:10",11
"2024-12-10 11:52:12",11
"2024-12-10 11:52:14",11
"2024-12-10 11:52:15",11
"2024-12-10 11:52:15",11
"2024-12-10 11:52:16",11
"2024-12-10 11:52:16",11
"2024-12-10 11:52:19",11
"2024-12-10 11:52:20",11
"2024-12-10 11:52:20",11
"2024-12-10 11:52:20",11
"2024-12-10 11:52:20",11
"2024-12-10 11:52:23",11
"2024-12-10 11:52:24",11
"2024-12-10 11:52:25",11
"2024-12-10 11:52:25",11
"2024-12-10 11:52:25",11
"2024-12-10 11:52:26",11
"2024-12-10 11:52:29",11
"2024-12-10 11:52:29",11
"2024-12-10 11:52:30",11
"2024-12-10 11:52:30",11
"2024-12-10 11:52:30",11
"2024-12-10 11:52:33",11
"2024-12-10 11:52:34",11
"2024-12-10 11:52:34",11
"2024-12-10 11:52:35",11
"2024-12-10 11:52:35",11
"2024-12-10 11:52:35",11
"2024-12-10 11:52:39",11
"2024-12-10 11:52:39",11
"2024-12-10 11:52:40",11
"2024-12-10 11:52:41",11
"2024-12-10 11:52:41",11
"2024-12-10 11:52:43",11
"2024-12-10 11:52:45",11
"2024-12-10 11:52:45",11
"2024-12-10 11:52:45",11
"2024-12-10 11:52:46",11
"2024-12-10 11:52:46",11
"2024-12-10 11:52:49",11
"2024-12-10 11:52:50",11
"2024-12-10 11:52:50",11
"2024-12-10 11:52:50",11
"2024-12-10 11:52:51",11
"2024-12-10 11:52:52",11
"2024-12-10 11:52:54",11
"2024-12-10 11:52:55",11
"2024-12-10 11:52:55",11
"2024-12-10 11:52:55",11
"2024-12-10 11:52:56",11
"2024-12-10 11:52:59",11
"2024-12-10 11:52:59",11
"2024-12-10 11:52:59",11
"2024-12-10 11:53:00",11
"2024-12-10 11:53:00",11
"2024-12-10 11:53:03",11
"2024-12-10 11:53:04",11
"2024-12-10 11:53:05",11
"2024-12-10 11:53:05",11
"2024-12-10 11:53:06",11
"2024-12-10 11:53:06",11
"2024-12-10 11:53:09",11
"2024-12-10 11:53:10",11
"2024-12-10 11:53:10",11
"2024-12-10 11:53:10",11
"2024-12-10 11:53:11",11
"2024-12-10 11:53:13",11
"2024-12-10 11:53:14",11
"2024-12-10 11:53:15",11
"2024-12-10 11:53:15",11
"2024-12-10 11:53:15",11
"2024-12-10 11:53:16",11
"2024-12-10 11:53:19",11
"2024-12-10 11:53:20",11
"2024-12-10 11:53:20",11
"2024-12-10 11:53:20",11
"2024-12-10 11:53:21",11
"2024-12-10 11:53:22",11
"2024-12-10 11:53:24",11
"2024-12-10 11:53:24",11
"2024-12-10 11:53:25",11
"2024-12-10 11:53:25",11
"2024-12-10 11:53:26",11
"2024-12-10 11:53:29",11
"2024-12-10 11:53:29",11
"2024-12-10 11:53:30",11
"2024-12-10 11:53:31",11
"2024-12-10 11:53:31",11
"2024-12-10 11:53:33",11
"2024-12-10 11:53:35",11
"2024-12-10 11:53:35",11
"2024-12-10 11:53:35",11
"2024-12-10 11:53:36",11
"2024-12-10 11:53:36",11
"2024-12-10 11:53:39",11
"2024-12-10 11:53:40",11
"2024-12-10 11:53:40",11
"2024-12-10 11:53:40",11
"2024-12-10 11:53:40",11
"2024-12-10 11:53:43",11
"2024-12-10 11:53:44",11
"2024-12-10 11:53:45",11
"2024-12-10 11:53:45",11
"2024-12-10 11:53:46",11
"2024-12-10 11:53:46",11
"2024-12-10 11:53:49",11
"2024-12-10 11:53:49",11
"2024-12-10 11:53:49",11
"2024-12-10 11:53:50",11
"2024-12-10 11:53:50",11
"2024-12-10 11:53:53",11
"2024-12-10 11:53:54",11
"2024-12-10 11:53:55",11
"2024-12-10 11:53:55",11
"2024-12-10 11:53:56",11
"2024-12-10 11:53:56",11
"2024-12-10 11:53:59",11
"2024-12-10 11:54:00",11
"2024-12-10 11:54:00",11
"2024-12-10 11:54:00",11
"2024-12-10 11:54:01",11
"2024-12-10 11:54:03",11
"2024-12-10 11:54:04",11
"2024-12-10 11:54:05",11
"2024-12-10 11:54:05",11
"2024-12-10 11:54:05",11
"2024-12-10 11:54:06",11
"2024-12-10 11:54:09",11
"2024-12-10 11:54:10",11
"2024-12-10 11:54:10",11
"2024-12-10 11:54:10",11
"2024-12-10 11:54:11",11
"2024-12-10 11:54:13",11
"2024-12-10 11:54:14",11
"2024-12-10 11:54:14",11
"2024-12-10 11:54:15",11
"2024-12-10 11:54:15",11
"2024-12-10 11:54:15",11
"2024-12-10 11:54:19",11
"2024-12-10 11:54:19",11
"2024-12-10 11:54:20",11
"2024-12-10 11:54:21",11
"2024-12-10 11:54:21",11
"2024-12-10 11:54:23",11
"2024-12-10 11:54:24",11
"2024-12-10 11:54:25",11
"2024-12-10 11:54:25",11
"2024-12-10 11:54:25",11
"2024-12-10 11:54:26",11
"2024-12-10 11:54:29",11
"2024-12-10 11:54:30",11
"2024-12-10 11:54:30",11
"2024-12-10 11:54:30",11
"2024-12-10 11:54:30",11
"2024-12-10 11:54:33",11
"2024-12-10 11:54:34",11
"2024-12-10 11:54:35",11
"2024-12-10 11:54:35",11
"2024-12-10 11:54:35",11
"2024-12-10 11:54:36",11
"2024-12-10 11:54:39",11
"2024-12-10 11:54:39",11
"2024-12-10 11:54:40",11
"2024-12-10 11:54:40",11
"2024-12-10 11:54:40",11
"2024-12-10 11:54:43",11
"2024-12-10 11:54:44",11
"2024-12-10 11:54:45",11
"2024-12-10 11:54:45",11
"2024-12-10 11:54:46",11
"2024-12-10 11:54:46",11
"2024-12-10 11:54:49",11
"2024-12-10 11:54:50",11
"2024-12-10 11:54:50",11
"2024-12-10 11:54:50",11
"2024-12-10 11:54:51",11
"2024-12-10 11:54:53",11
"2024-12-10 11:54:54",11
"2024-12-10 11:54:55",11
"2024-12-10 11:54:55",11
"2024-12-10 11:54:55",11
"2024-12-10 11:54:56",11
"2024-12-10 11:54:59",11
"2024-12-10 11:55:00",11
"2024-12-10 11:55:00",11
"2024-12-10 11:55:00",11
"2024-12-10 11:55:01",11
"2024-12-10 11:55:03",11
"2024-12-10 11:55:04",11
"2024-12-10 11:55:04",11
"2024-12-10 11:55:05",11
"2024-12-10 11:55:05",11
"2024-12-10 11:55:05",11
"2024-12-10 11:55:09",11
"2024-12-10 11:55:09",11
"2024-12-10 11:55:10",11
"2024-12-10 11:55:10",11
"2024-12-10 11:55:11",11
"2024-12-10 11:55:13",11
"2024-12-10 11:55:14",11
"2024-12-10 11:55:15",11
"2024-12-10 11:55:15",11
"2024-12-10 11:55:15",11
"2024-12-10 11:55:16",11
"2024-12-10 11:55:19",11
"2024-12-10 11:55:19",11
"2024-12-10 11:55:20",11
"2024-12-10 11:55:20",11
"2024-12-10 11:55:20",11
"2024-12-10 11:55:23",11
"2024-12-10 11:55:24",9
"2024-12-10 11:55:25",7
"2024-12-10 11:55:25",5
"2024-12-10 11:55:25",3
"2024-12-10 11:55:26",1
