Time,NumberHits
"2025-03-07 14:01:49",1
"2025-03-07 14:01:54",1
"2025-03-07 14:01:55",1
"2025-03-07 14:01:59",1
"2025-03-07 14:02:00",1
"2025-03-07 14:02:01",1
"2025-03-07 14:02:04",1
"2025-03-07 14:02:05",1
"2025-03-07 14:02:06",1
"2025-03-07 14:02:07",1
"2025-03-07 14:02:09",1
"2025-03-07 14:02:10",1
"2025-03-07 14:02:11",1
"2025-03-07 14:02:12",1
"2025-03-07 14:02:13",1
"2025-03-07 14:02:14",1
"2025-03-07 14:02:15",1
"2025-03-07 14:02:16",1
"2025-03-07 14:02:17",1
"2025-03-07 14:02:18",1
"2025-03-07 14:02:19",2
"2025-03-07 14:02:20",1
"2025-03-07 14:02:21",1
"2025-03-07 14:02:22",1
"2025-03-07 14:02:23",1
"2025-03-07 14:02:24",2
"2025-03-07 14:02:25",2
"2025-03-07 14:02:26",1
"2025-03-07 14:02:27",1
"2025-03-07 14:02:28",1
"2025-03-07 14:02:29",2
"2025-03-07 14:02:30",2
"2025-03-07 14:02:31",2
"2025-03-07 14:02:32",1
"2025-03-07 14:02:33",1
"2025-03-07 14:02:34",2
"2025-03-07 14:02:35",2
"2025-03-07 14:02:36",2
"2025-03-07 14:02:37",2
"2025-03-07 14:02:38",1
"2025-03-07 14:02:39",2
"2025-03-07 14:02:40",2
"2025-03-07 14:02:41",2
"2025-03-07 14:02:42",2
"2025-03-07 14:02:43",2
"2025-03-07 14:02:44",2
"2025-03-07 14:02:45",2
"2025-03-07 14:02:46",2
"2025-03-07 14:02:47",2
"2025-03-07 14:02:48",2
"2025-03-07 14:02:49",2
"2025-03-07 14:02:50",3
"2025-03-07 14:02:51",2
"2025-03-07 14:02:52",2
"2025-03-07 14:02:53",2
"2025-03-07 14:02:54",2
"2025-03-07 14:02:55",3
"2025-03-07 14:02:56",3
"2025-03-07 14:02:57",2
"2025-03-07 14:02:58",2
"2025-03-07 14:02:59",2
"2025-03-07 14:03:00",3
"2025-03-07 14:03:01",3
"2025-03-07 14:03:02",3
"2025-03-07 14:03:03",2
"2025-03-07 14:03:04",2
"2025-03-07 14:03:05",3
"2025-03-07 14:03:06",3
"2025-03-07 14:03:07",3
"2025-03-07 14:03:08",3
"2025-03-07 14:03:09",2
"2025-03-07 14:03:10",3
"2025-03-07 14:03:11",3
"2025-03-07 14:03:12",3
"2025-03-07 14:03:13",3
"2025-03-07 14:03:14",3
"2025-03-07 14:03:15",3
"2025-03-07 14:03:16",3
"2025-03-07 14:03:17",3
"2025-03-07 14:03:18",3
"2025-03-07 14:03:19",3
"2025-03-07 14:03:20",4
"2025-03-07 14:03:21",3
"2025-03-07 14:03:22",3
"2025-03-07 14:03:23",3
"2025-03-07 14:03:24",3
"2025-03-07 14:03:25",4
"2025-03-07 14:03:26",4
"2025-03-07 14:03:27",3
"2025-03-07 14:03:28",3
"2025-03-07 14:03:29",3
"2025-03-07 14:03:30",4
"2025-03-07 14:03:31",4
"2025-03-07 14:03:32",4
"2025-03-07 14:03:33",3
"2025-03-07 14:03:34",3
"2025-03-07 14:03:35",4
"2025-03-07 14:03:36",4
"2025-03-07 14:03:37",4
"2025-03-07 14:03:38",4
"2025-03-07 14:03:39",3
"2025-03-07 14:03:40",4
"2025-03-07 14:03:41",4
"2025-03-07 14:03:42",4
"2025-03-07 14:03:43",4
"2025-03-07 14:03:44",4
"2025-03-07 14:03:45",4
"2025-03-07 14:03:46",4
"2025-03-07 14:03:47",4
"2025-03-07 14:03:48",4
"2025-03-07 14:03:49",4
"2025-03-07 14:03:50",5
"2025-03-07 14:03:51",4
"2025-03-07 14:03:52",4
"2025-03-07 14:03:53",4
"2025-03-07 14:03:54",4
"2025-03-07 14:03:55",5
"2025-03-07 14:03:56",5
"2025-03-07 14:03:57",4
"2025-03-07 14:03:58",4
"2025-03-07 14:03:59",4
"2025-03-07 14:04:00",5
"2025-03-07 14:04:01",5
"2025-03-07 14:04:02",5
"2025-03-07 14:04:03",4
"2025-03-07 14:04:04",4
"2025-03-07 14:04:05",5
"2025-03-07 14:04:06",5
"2025-03-07 14:04:07",5
"2025-03-07 14:04:08",5
"2025-03-07 14:04:09",4
"2025-03-07 14:04:10",5
"2025-03-07 14:04:11",5
"2025-03-07 14:04:12",5
"2025-03-07 14:04:13",5
"2025-03-07 14:04:14",5
"2025-03-07 14:04:15",5
"2025-03-07 14:04:16",5
"2025-03-07 14:04:17",5
"2025-03-07 14:04:18",5
"2025-03-07 14:04:19",5
"2025-03-07 14:04:20",6
"2025-03-07 14:04:21",5
"2025-03-07 14:04:22",5
"2025-03-07 14:04:23",5
"2025-03-07 14:04:24",5
"2025-03-07 14:04:25",6
"2025-03-07 14:04:26",6
"2025-03-07 14:04:27",5
"2025-03-07 14:04:28",5
"2025-03-07 14:04:29",5
"2025-03-07 14:04:30",6
"2025-03-07 14:04:31",6
"2025-03-07 14:04:32",5
"2025-03-07 14:04:33",6
"2025-03-07 14:04:34",5
"2025-03-07 14:04:35",6
"2025-03-07 14:04:36",6
"2025-03-07 14:04:37",5
"2025-03-07 14:04:38",6
"2025-03-07 14:04:39",6
"2025-03-07 14:04:40",6
"2025-03-07 14:04:41",6
"2025-03-07 14:04:42",5
"2025-03-07 14:04:43",6
"2025-03-07 14:04:44",6
"2025-03-07 14:04:45",7
"2025-03-07 14:04:46",6
"2025-03-07 14:04:47",5
"2025-03-07 14:04:48",6
"2025-03-07 14:04:49",6
"2025-03-07 14:04:50",7
"2025-03-07 14:04:51",7
"2025-03-07 14:04:52",5
"2025-03-07 14:04:53",6
"2025-03-07 14:04:54",6
"2025-03-07 14:04:55",7
"2025-03-07 14:04:56",7
"2025-03-07 14:04:57",6
"2025-03-07 14:04:58",6
"2025-03-07 14:04:59",6
"2025-03-07 14:05:00",7
"2025-03-07 14:05:01",7
"2025-03-07 14:05:02",6
"2025-03-07 14:05:03",7
"2025-03-07 14:05:04",6
"2025-03-07 14:05:05",7
"2025-03-07 14:05:06",7
"2025-03-07 14:05:07",6
"2025-03-07 14:05:08",7
"2025-03-07 14:05:09",7
"2025-03-07 14:05:10",7
"2025-03-07 14:05:11",7
"2025-03-07 14:05:12",6
"2025-03-07 14:05:13",7
"2025-03-07 14:05:14",7
"2025-03-07 14:05:15",8
"2025-03-07 14:05:16",7
"2025-03-07 14:05:17",6
"2025-03-07 14:05:18",7
"2025-03-07 14:05:19",7
"2025-03-07 14:05:20",8
"2025-03-07 14:05:21",8
"2025-03-07 14:05:22",6
"2025-03-07 14:05:23",7
"2025-03-07 14:05:24",7
"2025-03-07 14:05:25",8
"2025-03-07 14:05:26",8
"2025-03-07 14:05:27",7
"2025-03-07 14:05:28",7
"2025-03-07 14:05:29",7
"2025-03-07 14:05:30",8
"2025-03-07 14:05:31",8
"2025-03-07 14:05:32",7
"2025-03-07 14:05:33",8
"2025-03-07 14:05:34",7
"2025-03-07 14:05:35",8
"2025-03-07 14:05:36",7
"2025-03-07 14:05:37",8
"2025-03-07 14:05:38",8
"2025-03-07 14:05:39",8
"2025-03-07 14:05:40",8
"2025-03-07 14:05:41",7
"2025-03-07 14:05:42",8
"2025-03-07 14:05:43",8
"2025-03-07 14:05:44",8
"2025-03-07 14:05:45",9
"2025-03-07 14:05:46",8
"2025-03-07 14:05:47",7
"2025-03-07 14:05:48",8
"2025-03-07 14:05:49",8
"2025-03-07 14:05:50",9
"2025-03-07 14:05:51",9
"2025-03-07 14:05:52",7
"2025-03-07 14:05:53",8
"2025-03-07 14:05:54",8
"2025-03-07 14:05:55",9
"2025-03-07 14:05:56",9
"2025-03-07 14:05:57",8
"2025-03-07 14:05:58",8
"2025-03-07 14:05:59",8
"2025-03-07 14:06:00",9
"2025-03-07 14:06:01",8
"2025-03-07 14:06:02",9
"2025-03-07 14:06:03",9
"2025-03-07 14:06:04",8
"2025-03-07 14:06:05",9
"2025-03-07 14:06:06",9
"2025-03-07 14:06:07",8
"2025-03-07 14:06:08",9
"2025-03-07 14:06:09",8
"2025-03-07 14:06:10",10
"2025-03-07 14:06:11",9
"2025-03-07 14:06:12",8
"2025-03-07 14:06:13",9
"2025-03-07 14:06:14",8
"2025-03-07 14:06:15",10
"2025-03-07 14:06:16",10
"2025-03-07 14:06:17",8
"2025-03-07 14:06:18",9
"2025-03-07 14:06:19",8
"2025-03-07 14:06:20",10
"2025-03-07 14:06:21",10
"2025-03-07 14:06:22",9
"2025-03-07 14:06:23",9
"2025-03-07 14:06:24",8
"2025-03-07 14:06:25",10
"2025-03-07 14:06:26",10
"2025-03-07 14:06:27",9
"2025-03-07 14:06:28",10
"2025-03-07 14:06:29",8
"2025-03-07 14:06:30",10
"2025-03-07 14:06:31",10
"2025-03-07 14:06:32",9
"2025-03-07 14:06:33",10
"2025-03-07 14:06:34",9
"2025-03-07 14:06:35",10
"2025-03-07 14:06:36",10
"2025-03-07 14:06:37",9
"2025-03-07 14:06:38",10
"2025-03-07 14:06:39",9
"2025-03-07 14:06:40",11
"2025-03-07 14:06:41",10
"2025-03-07 14:06:42",9
"2025-03-07 14:06:43",10
"2025-03-07 14:06:44",9
"2025-03-07 14:06:45",11
"2025-03-07 14:06:46",11
"2025-03-07 14:06:47",9
"2025-03-07 14:06:48",10
"2025-03-07 14:06:49",9
"2025-03-07 14:06:50",11
"2025-03-07 14:06:51",11
"2025-03-07 14:06:52",10
"2025-03-07 14:06:53",10
"2025-03-07 14:06:54",9
"2025-03-07 14:06:55",11
"2025-03-07 14:06:56",11
"2025-03-07 14:06:57",10
"2025-03-07 14:06:58",11
"2025-03-07 14:06:59",9
"2025-03-07 14:07:00",11
"2025-03-07 14:07:01",11
"2025-03-07 14:07:02",10
"2025-03-07 14:07:03",11
"2025-03-07 14:07:04",10
"2025-03-07 14:07:05",11
"2025-03-07 14:07:06",10
"2025-03-07 14:07:07",11
"2025-03-07 14:07:08",11
"2025-03-07 14:07:09",10
"2025-03-07 14:07:10",12
"2025-03-07 14:07:11",10
"2025-03-07 14:07:12",11
"2025-03-07 14:07:13",11
"2025-03-07 14:07:14",10
"2025-03-07 14:07:15",12
"2025-03-07 14:07:16",12
"2025-03-07 14:07:17",10
"2025-03-07 14:07:18",11
"2025-03-07 14:07:19",10
"2025-03-07 14:07:20",12
"2025-03-07 14:07:21",11
"2025-03-07 14:07:22",12
"2025-03-07 14:07:23",11
"2025-03-07 14:07:24",10
"2025-03-07 14:07:25",12
"2025-03-07 14:07:26",12
"2025-03-07 14:07:27",11
"2025-03-07 14:07:28",12
"2025-03-07 14:07:29",10
"2025-03-07 14:07:30",12
"2025-03-07 14:07:31",12
"2025-03-07 14:07:32",11
"2025-03-07 14:07:33",12
"2025-03-07 14:07:34",11
"2025-03-07 14:07:35",12
"2025-03-07 14:07:36",12
"2025-03-07 14:07:37",11
"2025-03-07 14:07:38",12
"2025-03-07 14:07:39",11
"2025-03-07 14:07:40",13
"2025-03-07 14:07:41",12
"2025-03-07 14:07:42",11
"2025-03-07 14:07:43",12
"2025-03-07 14:07:44",11
"2025-03-07 14:07:45",13
"2025-03-07 14:07:46",13
"2025-03-07 14:07:47",11
"2025-03-07 14:07:48",12
"2025-03-07 14:07:49",11
"2025-03-07 14:07:50",13
"2025-03-07 14:07:51",13
"2025-03-07 14:07:52",11
"2025-03-07 14:07:53",13
"2025-03-07 14:07:54",11
"2025-03-07 14:07:55",13
"2025-03-07 14:07:56",13
"2025-03-07 14:07:57",11
"2025-03-07 14:07:58",13
"2025-03-07 14:07:59",12
"2025-03-07 14:08:00",13
"2025-03-07 14:08:01",12
"2025-03-07 14:08:02",12
"2025-03-07 14:08:03",13
"2025-03-07 14:08:04",12
"2025-03-07 14:08:05",14
"2025-03-07 14:08:06",13
"2025-03-07 14:08:07",11
"2025-03-07 14:08:08",13
"2025-03-07 14:08:09",12
"2025-03-07 14:08:10",14
"2025-03-07 14:08:11",13
"2025-03-07 14:08:12",12
"2025-03-07 14:08:13",13
"2025-03-07 14:08:14",12
"2025-03-07 14:08:15",14
"2025-03-07 14:08:16",14
"2025-03-07 14:08:17",12
"2025-03-07 14:08:18",13
"2025-03-07 14:08:19",12
"2025-03-07 14:08:20",14
"2025-03-07 14:08:21",14
"2025-03-07 14:08:22",12
"2025-03-07 14:08:23",14
"2025-03-07 14:08:24",12
"2025-03-07 14:08:25",14
"2025-03-07 14:08:26",14
"2025-03-07 14:08:27",12
"2025-03-07 14:08:28",14
"2025-03-07 14:08:29",13
"2025-03-07 14:08:30",14
"2025-03-07 14:08:31",12
"2025-03-07 14:08:32",14
"2025-03-07 14:08:33",14
"2025-03-07 14:08:34",13
"2025-03-07 14:08:35",15
"2025-03-07 14:08:36",14
"2025-03-07 14:08:37",12
"2025-03-07 14:08:38",14
"2025-03-07 14:08:39",13
"2025-03-07 14:08:40",15
"2025-03-07 14:08:41",15
"2025-03-07 14:08:42",12
"2025-03-07 14:08:43",14
"2025-03-07 14:08:44",13
"2025-03-07 14:08:45",15
"2025-03-07 14:08:46",15
"2025-03-07 14:08:47",13
"2025-03-07 14:08:48",14
"2025-03-07 14:08:49",13
"2025-03-07 14:08:50",15
"2025-03-07 14:08:51",15
"2025-03-07 14:08:52",13
"2025-03-07 14:08:53",15
"2025-03-07 14:08:54",13
"2025-03-07 14:08:55",15
"2025-03-07 14:08:56",14
"2025-03-07 14:08:57",14
"2025-03-07 14:08:58",15
"2025-03-07 14:08:59",14
"2025-03-07 14:09:00",15
"2025-03-07 14:09:01",14
"2025-03-07 14:09:02",14
"2025-03-07 14:09:03",15
"2025-03-07 14:09:04",14
"2025-03-07 14:09:05",16
"2025-03-07 14:09:06",15
"2025-03-07 14:09:07",13
"2025-03-07 14:09:08",15
"2025-03-07 14:09:09",14
"2025-03-07 14:09:10",16
"2025-03-07 14:09:11",16
"2025-03-07 14:09:12",13
"2025-03-07 14:09:13",15
"2025-03-07 14:09:14",14
"2025-03-07 14:09:15",16
"2025-03-07 14:09:16",16
"2025-03-07 14:09:17",14
"2025-03-07 14:09:18",15
"2025-03-07 14:09:19",14
"2025-03-07 14:09:20",16
"2025-03-07 14:09:21",16
"2025-03-07 14:09:22",14
"2025-03-07 14:09:23",16
"2025-03-07 14:09:24",14
"2025-03-07 14:09:25",16
"2025-03-07 14:09:26",16
"2025-03-07 14:09:27",14
"2025-03-07 14:09:28",16
"2025-03-07 14:09:29",14
"2025-03-07 14:09:30",17
"2025-03-07 14:09:31",16
"2025-03-07 14:09:32",14
"2025-03-07 14:09:33",16
"2025-03-07 14:09:34",14
"2025-03-07 14:09:35",17
"2025-03-07 14:09:36",17
"2025-03-07 14:09:37",14
"2025-03-07 14:09:38",16
"2025-03-07 14:09:39",14
"2025-03-07 14:09:40",17
"2025-03-07 14:09:41",17
"2025-03-07 14:09:42",15
"2025-03-07 14:09:43",16
"2025-03-07 14:09:44",14
"2025-03-07 14:09:45",17
"2025-03-07 14:09:46",17
"2025-03-07 14:09:47",15
"2025-03-07 14:09:48",17
"2025-03-07 14:09:49",14
"2025-03-07 14:09:50",17
"2025-03-07 14:09:51",17
"2025-03-07 14:09:52",15
"2025-03-07 14:09:53",17
"2025-03-07 14:09:54",15
"2025-03-07 14:09:55",17
"2025-03-07 14:09:56",17
"2025-03-07 14:09:57",15
"2025-03-07 14:09:58",17
"2025-03-07 14:09:59",15
"2025-03-07 14:10:00",18
"2025-03-07 14:10:01",17
"2025-03-07 14:10:02",15
"2025-03-07 14:10:03",17
"2025-03-07 14:10:04",15
"2025-03-07 14:10:05",18
"2025-03-07 14:10:06",18
"2025-03-07 14:10:07",15
"2025-03-07 14:10:08",17
"2025-03-07 14:10:09",15
"2025-03-07 14:10:10",18
"2025-03-07 14:10:11",18
"2025-03-07 14:10:12",16
"2025-03-07 14:10:13",17
"2025-03-07 14:10:14",15
"2025-03-07 14:10:15",18
"2025-03-07 14:10:16",18
"2025-03-07 14:10:17",16
"2025-03-07 14:10:18",18
"2025-03-07 14:10:19",15
"2025-03-07 14:10:20",18
"2025-03-07 14:10:21",18
"2025-03-07 14:10:22",16
"2025-03-07 14:10:23",18
"2025-03-07 14:10:24",16
"2025-03-07 14:10:25",18
"2025-03-07 14:10:26",18
"2025-03-07 14:10:27",16
"2025-03-07 14:10:28",18
"2025-03-07 14:10:29",16
"2025-03-07 14:10:30",19
"2025-03-07 14:10:31",18
"2025-03-07 14:10:32",16
"2025-03-07 14:10:33",18
"2025-03-07 14:10:34",16
"2025-03-07 14:10:35",19
"2025-03-07 14:10:36",19
"2025-03-07 14:10:37",16
"2025-03-07 14:10:38",18
"2025-03-07 14:10:39",16
"2025-03-07 14:10:40",19
"2025-03-07 14:10:41",19
"2025-03-07 14:10:42",17
"2025-03-07 14:10:43",18
"2025-03-07 14:10:44",16
"2025-03-07 14:10:45",19
"2025-03-07 14:10:46",19
"2025-03-07 14:10:47",17
"2025-03-07 14:10:48",19
"2025-03-07 14:10:49",16
"2025-03-07 14:10:50",19
"2025-03-07 14:10:51",19
"2025-03-07 14:10:52",17
"2025-03-07 14:10:53",19
"2025-03-07 14:10:54",17
"2025-03-07 14:10:55",19
"2025-03-07 14:10:56",19
"2025-03-07 14:10:57",17
"2025-03-07 14:10:58",19
"2025-03-07 14:10:59",17
"2025-03-07 14:11:00",20
"2025-03-07 14:11:01",19
"2025-03-07 14:11:02",17
"2025-03-07 14:11:03",19
"2025-03-07 14:11:04",17
"2025-03-07 14:11:05",20
"2025-03-07 14:11:06",20
"2025-03-07 14:11:07",17
"2025-03-07 14:11:08",19
"2025-03-07 14:11:09",17
"2025-03-07 14:11:10",20
"2025-03-07 14:11:11",19
"2025-03-07 14:11:12",18
"2025-03-07 14:11:13",20
"2025-03-07 14:11:14",17
"2025-03-07 14:11:15",20
"2025-03-07 14:11:16",19
"2025-03-07 14:11:17",18
"2025-03-07 14:11:18",20
"2025-03-07 14:11:19",18
"2025-03-07 14:11:20",20
"2025-03-07 14:11:21",19
"2025-03-07 14:11:22",18
"2025-03-07 14:11:23",20
"2025-03-07 14:11:24",18
"2025-03-07 14:11:25",21
"2025-03-07 14:11:26",19
"2025-03-07 14:11:27",18
"2025-03-07 14:11:28",20
"2025-03-07 14:11:29",18
"2025-03-07 14:11:30",21
"2025-03-07 14:11:31",20
"2025-03-07 14:11:32",18
"2025-03-07 14:11:33",20
"2025-03-07 14:11:34",18
"2025-03-07 14:11:35",21
"2025-03-07 14:11:36",21
"2025-03-07 14:11:37",18
"2025-03-07 14:11:38",20
"2025-03-07 14:11:39",18
"2025-03-07 14:11:40",21
"2025-03-07 14:11:41",21
"2025-03-07 14:11:42",18
"2025-03-07 14:11:43",21
"2025-03-07 14:11:44",18
"2025-03-07 14:11:45",21
"2025-03-07 14:11:46",20
"2025-03-07 14:11:47",19
"2025-03-07 14:11:48",21
"2025-03-07 14:11:49",19
"2025-03-07 14:11:50",21
"2025-03-07 14:11:51",20
"2025-03-07 14:11:52",19
"2025-03-07 14:11:53",21
"2025-03-07 14:11:54",19
"2025-03-07 14:11:55",21
"2025-03-07 14:11:56",21
"2025-03-07 14:11:57",18
"2025-03-07 14:11:58",21
"2025-03-07 14:11:59",19
"2025-03-07 14:12:00",21
"2025-03-07 14:12:01",21
"2025-03-07 14:12:02",18
"2025-03-07 14:12:03",21
"2025-03-07 14:12:04",19
"2025-03-07 14:12:05",21
"2025-03-07 14:12:06",21
"2025-03-07 14:12:07",18
"2025-03-07 14:12:08",21
"2025-03-07 14:12:09",19
"2025-03-07 14:12:10",21
"2025-03-07 14:12:11",20
"2025-03-07 14:12:12",19
"2025-03-07 14:12:13",21
"2025-03-07 14:12:14",19
"2025-03-07 14:12:15",21
"2025-03-07 14:12:16",20
"2025-03-07 14:12:17",19
"2025-03-07 14:12:18",21
"2025-03-07 14:12:19",19
"2025-03-07 14:12:20",21
"2025-03-07 14:12:21",20
"2025-03-07 14:12:22",19
"2025-03-07 14:12:23",21
"2025-03-07 14:12:24",19
"2025-03-07 14:12:25",21
"2025-03-07 14:12:26",21
"2025-03-07 14:12:27",18
"2025-03-07 14:12:28",21
"2025-03-07 14:12:29",19
"2025-03-07 14:12:30",21
"2025-03-07 14:12:31",20
"2025-03-07 14:12:32",19
"2025-03-07 14:12:33",21
"2025-03-07 14:12:34",19
"2025-03-07 14:12:35",21
"2025-03-07 14:12:36",21
"2025-03-07 14:12:37",18
"2025-03-07 14:12:38",21
"2025-03-07 14:12:39",19
"2025-03-07 14:12:40",21
"2025-03-07 14:12:41",20
"2025-03-07 14:12:42",19
"2025-03-07 14:12:43",21
"2025-03-07 14:12:44",19
"2025-03-07 14:12:45",21
"2025-03-07 14:12:46",21
"2025-03-07 14:12:47",18
"2025-03-07 14:12:48",21
"2025-03-07 14:12:49",19
"2025-03-07 14:12:50",21
"2025-03-07 14:12:51",21
"2025-03-07 14:12:52",18
"2025-03-07 14:12:53",21
"2025-03-07 14:12:54",19
"2025-03-07 14:12:55",21
"2025-03-07 14:12:56",21
"2025-03-07 14:12:57",18
"2025-03-07 14:12:58",21
"2025-03-07 14:12:59",19
"2025-03-07 14:13:00",21
"2025-03-07 14:13:01",20
"2025-03-07 14:13:02",19
"2025-03-07 14:13:03",21
"2025-03-07 14:13:04",19
"2025-03-07 14:13:05",21
"2025-03-07 14:13:06",20
"2025-03-07 14:13:07",19
"2025-03-07 14:13:08",21
"2025-03-07 14:13:09",19
"2025-03-07 14:13:10",21
"2025-03-07 14:13:11",20
"2025-03-07 14:13:12",19
"2025-03-07 14:13:13",21
"2025-03-07 14:13:14",19
"2025-03-07 14:13:15",21
"2025-03-07 14:13:16",21
"2025-03-07 14:13:17",18
"2025-03-07 14:13:18",21
"2025-03-07 14:13:19",19
"2025-03-07 14:13:20",21
"2025-03-07 14:13:21",20
"2025-03-07 14:13:22",19
"2025-03-07 14:13:23",21
"2025-03-07 14:13:24",19
"2025-03-07 14:13:25",21
"2025-03-07 14:13:26",19
"2025-03-07 14:13:27",20
"2025-03-07 14:13:28",21
"2025-03-07 14:13:29",19
"2025-03-07 14:13:30",21
"2025-03-07 14:13:31",21
"2025-03-07 14:13:32",18
"2025-03-07 14:13:33",21
"2025-03-07 14:13:34",19
"2025-03-07 14:13:35",21
"2025-03-07 14:13:36",20
"2025-03-07 14:13:37",19
"2025-03-07 14:13:38",21
"2025-03-07 14:13:39",19
"2025-03-07 14:13:40",21
"2025-03-07 14:13:41",20
"2025-03-07 14:13:42",19
"2025-03-07 14:13:43",21
"2025-03-07 14:13:44",19
"2025-03-07 14:13:45",21
"2025-03-07 14:13:46",20
"2025-03-07 14:13:47",19
"2025-03-07 14:13:48",21
"2025-03-07 14:13:49",19
"2025-03-07 14:13:50",21
"2025-03-07 14:13:51",20
"2025-03-07 14:13:52",19
"2025-03-07 14:13:53",21
"2025-03-07 14:13:54",19
"2025-03-07 14:13:55",21
"2025-03-07 14:13:56",20
"2025-03-07 14:13:57",19
"2025-03-07 14:13:58",21
"2025-03-07 14:13:59",19
"2025-03-07 14:14:00",21
"2025-03-07 14:14:01",20
"2025-03-07 14:14:02",19
"2025-03-07 14:14:03",21
"2025-03-07 14:14:04",19
"2025-03-07 14:14:05",21
"2025-03-07 14:14:06",21
"2025-03-07 14:14:07",18
"2025-03-07 14:14:08",21
"2025-03-07 14:14:09",19
"2025-03-07 14:14:10",21
"2025-03-07 14:14:11",20
"2025-03-07 14:14:12",19
"2025-03-07 14:14:13",21
"2025-03-07 14:14:14",19
"2025-03-07 14:14:15",21
"2025-03-07 14:14:16",20
"2025-03-07 14:14:17",19
"2025-03-07 14:14:18",21
"2025-03-07 14:14:19",19
"2025-03-07 14:14:20",21
"2025-03-07 14:14:21",20
"2025-03-07 14:14:22",19
"2025-03-07 14:14:23",21
"2025-03-07 14:14:24",19
"2025-03-07 14:14:25",21
"2025-03-07 14:14:26",19
"2025-03-07 14:14:27",20
"2025-03-07 14:14:28",21
"2025-03-07 14:14:29",19
"2025-03-07 14:14:30",21
"2025-03-07 14:14:31",20
"2025-03-07 14:14:32",19
"2025-03-07 14:14:33",21
"2025-03-07 14:14:34",19
"2025-03-07 14:14:35",21
"2025-03-07 14:14:36",19
"2025-03-07 14:14:37",20
"2025-03-07 14:14:38",21
"2025-03-07 14:14:39",19
"2025-03-07 14:14:40",21
"2025-03-07 14:14:41",19
"2025-03-07 14:14:42",20
"2025-03-07 14:14:43",21
"2025-03-07 14:14:44",19
"2025-03-07 14:14:45",21
"2025-03-07 14:14:46",20
"2025-03-07 14:14:47",19
"2025-03-07 14:14:48",21
"2025-03-07 14:14:49",19
"2025-03-07 14:14:50",21
"2025-03-07 14:14:51",20
"2025-03-07 14:14:52",19
"2025-03-07 14:14:53",21
"2025-03-07 14:14:54",19
"2025-03-07 14:14:55",21
"2025-03-07 14:14:56",21
"2025-03-07 14:14:57",18
"2025-03-07 14:14:58",21
"2025-03-07 14:14:59",19
"2025-03-07 14:15:00",21
"2025-03-07 14:15:01",21
"2025-03-07 14:15:02",18
"2025-03-07 14:15:03",21
"2025-03-07 14:15:04",19
"2025-03-07 14:15:05",21
"2025-03-07 14:15:06",21
"2025-03-07 14:15:07",18
"2025-03-07 14:15:08",21
"2025-03-07 14:15:09",19
"2025-03-07 14:15:10",21
"2025-03-07 14:15:11",21
"2025-03-07 14:15:12",18
"2025-03-07 14:15:13",21
"2025-03-07 14:15:14",19
"2025-03-07 14:15:15",21
"2025-03-07 14:15:16",21
"2025-03-07 14:15:17",18
"2025-03-07 14:15:18",21
"2025-03-07 14:15:19",19
"2025-03-07 14:15:20",21
"2025-03-07 14:15:21",21
"2025-03-07 14:15:22",18
"2025-03-07 14:15:23",21
"2025-03-07 14:15:24",19
"2025-03-07 14:15:25",21
"2025-03-07 14:15:26",21
"2025-03-07 14:15:27",18
"2025-03-07 14:15:28",21
"2025-03-07 14:15:29",19
"2025-03-07 14:15:30",21
"2025-03-07 14:15:31",21
"2025-03-07 14:15:32",18
"2025-03-07 14:15:33",21
"2025-03-07 14:15:34",19
"2025-03-07 14:15:35",21
"2025-03-07 14:15:36",21
"2025-03-07 14:15:37",18
"2025-03-07 14:15:38",21
"2025-03-07 14:15:39",19
"2025-03-07 14:15:40",21
"2025-03-07 14:15:41",20
"2025-03-07 14:15:42",19
"2025-03-07 14:15:43",21
"2025-03-07 14:15:44",19
"2025-03-07 14:15:45",21
"2025-03-07 14:15:46",21
"2025-03-07 14:15:47",18
"2025-03-07 14:15:48",21
"2025-03-07 14:15:49",19
"2025-03-07 14:15:50",21
"2025-03-07 14:15:51",21
"2025-03-07 14:15:52",18
"2025-03-07 14:15:53",21
"2025-03-07 14:15:54",19
"2025-03-07 14:15:55",21
"2025-03-07 14:15:56",20
"2025-03-07 14:15:57",19
"2025-03-07 14:15:58",21
"2025-03-07 14:15:59",19
"2025-03-07 14:16:00",21
"2025-03-07 14:16:01",21
"2025-03-07 14:16:02",18
"2025-03-07 14:16:03",21
"2025-03-07 14:16:04",19
"2025-03-07 14:16:05",21
"2025-03-07 14:16:06",20
"2025-03-07 14:16:07",19
"2025-03-07 14:16:08",21
"2025-03-07 14:16:09",19
"2025-03-07 14:16:10",21
"2025-03-07 14:16:11",20
"2025-03-07 14:16:12",19
"2025-03-07 14:16:13",21
"2025-03-07 14:16:14",19
"2025-03-07 14:16:15",21
"2025-03-07 14:16:16",20
"2025-03-07 14:16:17",19
"2025-03-07 14:16:18",21
"2025-03-07 14:16:19",19
"2025-03-07 14:16:20",21
"2025-03-07 14:16:21",19
"2025-03-07 14:16:22",20
"2025-03-07 14:16:23",21
"2025-03-07 14:16:24",19
"2025-03-07 14:16:25",21
"2025-03-07 14:16:26",20
"2025-03-07 14:16:27",19
"2025-03-07 14:16:28",21
"2025-03-07 14:16:29",19
"2025-03-07 14:16:30",21
"2025-03-07 14:16:31",20
"2025-03-07 14:16:32",19
"2025-03-07 14:16:33",21
"2025-03-07 14:16:34",19
"2025-03-07 14:16:35",21
"2025-03-07 14:16:36",20
"2025-03-07 14:16:37",19
"2025-03-07 14:16:38",21
"2025-03-07 14:16:39",19
"2025-03-07 14:16:40",21
"2025-03-07 14:16:41",20
"2025-03-07 14:16:42",19
"2025-03-07 14:16:43",21
"2025-03-07 14:16:44",19
"2025-03-07 14:16:45",21
"2025-03-07 14:16:46",20
"2025-03-07 14:16:47",19
"2025-03-07 14:16:48",21
"2025-03-07 14:16:49",19
"2025-03-07 14:16:50",21
"2025-03-07 14:16:51",21
"2025-03-07 14:16:52",18
"2025-03-07 14:16:53",21
"2025-03-07 14:16:54",19
"2025-03-07 14:16:55",21
"2025-03-07 14:16:56",20
"2025-03-07 14:16:57",19
"2025-03-07 14:16:58",21
"2025-03-07 14:16:59",19
"2025-03-07 14:17:00",21
"2025-03-07 14:17:01",20
"2025-03-07 14:17:02",19
"2025-03-07 14:17:03",21
"2025-03-07 14:17:04",19
"2025-03-07 14:17:05",21
"2025-03-07 14:17:06",20
"2025-03-07 14:17:07",19
"2025-03-07 14:17:08",21
"2025-03-07 14:17:09",19
"2025-03-07 14:17:10",21
"2025-03-07 14:17:11",20
"2025-03-07 14:17:12",19
"2025-03-07 14:17:13",21
"2025-03-07 14:17:14",19
"2025-03-07 14:17:15",21
"2025-03-07 14:17:16",21
"2025-03-07 14:17:17",18
"2025-03-07 14:17:18",21
"2025-03-07 14:17:19",19
"2025-03-07 14:17:20",21
"2025-03-07 14:17:21",20
"2025-03-07 14:17:22",19
"2025-03-07 14:17:23",21
"2025-03-07 14:17:24",19
"2025-03-07 14:17:25",21
"2025-03-07 14:17:26",20
"2025-03-07 14:17:27",19
"2025-03-07 14:17:28",21
"2025-03-07 14:17:29",19
"2025-03-07 14:17:30",21
"2025-03-07 14:17:31",20
"2025-03-07 14:17:32",19
"2025-03-07 14:17:33",21
"2025-03-07 14:17:34",19
"2025-03-07 14:17:35",21
"2025-03-07 14:17:36",21
"2025-03-07 14:17:37",18
"2025-03-07 14:17:38",21
"2025-03-07 14:17:39",19
"2025-03-07 14:17:40",21
"2025-03-07 14:17:41",21
"2025-03-07 14:17:42",18
"2025-03-07 14:17:43",21
"2025-03-07 14:17:44",19
"2025-03-07 14:17:45",21
"2025-03-07 14:17:46",21
"2025-03-07 14:17:47",18
"2025-03-07 14:17:48",21
"2025-03-07 14:17:49",19
"2025-03-07 14:17:50",21
"2025-03-07 14:17:51",20
"2025-03-07 14:17:52",19
"2025-03-07 14:17:53",21
"2025-03-07 14:17:54",19
"2025-03-07 14:17:55",21
"2025-03-07 14:17:56",20
"2025-03-07 14:17:57",19
"2025-03-07 14:17:58",21
"2025-03-07 14:17:59",19
"2025-03-07 14:18:00",21
"2025-03-07 14:18:01",21
"2025-03-07 14:18:02",18
"2025-03-07 14:18:03",21
"2025-03-07 14:18:04",19
"2025-03-07 14:18:05",21
"2025-03-07 14:18:06",20
"2025-03-07 14:18:07",19
"2025-03-07 14:18:08",21
"2025-03-07 14:18:09",19
"2025-03-07 14:18:10",21
"2025-03-07 14:18:11",19
"2025-03-07 14:18:12",20
"2025-03-07 14:18:13",21
"2025-03-07 14:18:14",19
"2025-03-07 14:18:15",21
"2025-03-07 14:18:16",21
"2025-03-07 14:18:17",18
"2025-03-07 14:18:18",21
"2025-03-07 14:18:19",19
"2025-03-07 14:18:20",21
"2025-03-07 14:18:21",20
"2025-03-07 14:18:22",19
"2025-03-07 14:18:23",21
"2025-03-07 14:18:24",19
"2025-03-07 14:18:25",21
"2025-03-07 14:18:26",20
"2025-03-07 14:18:27",19
"2025-03-07 14:18:28",21
"2025-03-07 14:18:29",19
"2025-03-07 14:18:30",21
"2025-03-07 14:18:31",21
"2025-03-07 14:18:32",18
"2025-03-07 14:18:33",21
"2025-03-07 14:18:34",19
"2025-03-07 14:18:35",21
"2025-03-07 14:18:36",19
"2025-03-07 14:18:37",20
"2025-03-07 14:18:38",21
"2025-03-07 14:18:39",19
"2025-03-07 14:18:40",21
"2025-03-07 14:18:41",20
"2025-03-07 14:18:42",19
"2025-03-07 14:18:43",21
"2025-03-07 14:18:44",19
"2025-03-07 14:18:45",21
"2025-03-07 14:18:46",20
"2025-03-07 14:18:47",19
"2025-03-07 14:18:48",21
"2025-03-07 14:18:49",19
"2025-03-07 14:18:50",21
"2025-03-07 14:18:51",20
"2025-03-07 14:18:52",19
"2025-03-07 14:18:53",21
"2025-03-07 14:18:54",19
"2025-03-07 14:18:55",21
"2025-03-07 14:18:56",20
"2025-03-07 14:18:57",19
"2025-03-07 14:18:58",21
"2025-03-07 14:18:59",19
"2025-03-07 14:19:00",21
"2025-03-07 14:19:01",20
"2025-03-07 14:19:02",19
"2025-03-07 14:19:03",21
"2025-03-07 14:19:04",19
"2025-03-07 14:19:05",21
"2025-03-07 14:19:06",21
"2025-03-07 14:19:07",18
"2025-03-07 14:19:08",21
"2025-03-07 14:19:09",19
"2025-03-07 14:19:10",21
"2025-03-07 14:19:11",20
"2025-03-07 14:19:12",19
"2025-03-07 14:19:13",21
"2025-03-07 14:19:14",19
"2025-03-07 14:19:15",21
"2025-03-07 14:19:16",20
"2025-03-07 14:19:17",19
"2025-03-07 14:19:18",21
"2025-03-07 14:19:19",19
"2025-03-07 14:19:20",21
"2025-03-07 14:19:21",21
"2025-03-07 14:19:22",18
"2025-03-07 14:19:23",21
"2025-03-07 14:19:24",19
"2025-03-07 14:19:25",21
"2025-03-07 14:19:26",21
"2025-03-07 14:19:27",18
"2025-03-07 14:19:28",21
"2025-03-07 14:19:29",19
"2025-03-07 14:19:30",21
"2025-03-07 14:19:31",20
"2025-03-07 14:19:32",19
"2025-03-07 14:19:33",21
"2025-03-07 14:19:34",19
"2025-03-07 14:19:35",21
"2025-03-07 14:19:36",20
"2025-03-07 14:19:37",19
"2025-03-07 14:19:38",21
"2025-03-07 14:19:39",19
"2025-03-07 14:19:40",21
"2025-03-07 14:19:41",21
"2025-03-07 14:19:42",18
"2025-03-07 14:19:43",21
"2025-03-07 14:19:44",19
"2025-03-07 14:19:45",21
"2025-03-07 14:19:46",20
"2025-03-07 14:19:47",19
"2025-03-07 14:19:48",21
"2025-03-07 14:19:49",19
"2025-03-07 14:19:50",21
"2025-03-07 14:19:51",21
"2025-03-07 14:19:52",18
"2025-03-07 14:19:53",21
"2025-03-07 14:19:54",19
"2025-03-07 14:19:55",21
"2025-03-07 14:19:56",20
"2025-03-07 14:19:57",19
"2025-03-07 14:19:58",21
"2025-03-07 14:19:59",19
"2025-03-07 14:20:00",21
"2025-03-07 14:20:01",21
"2025-03-07 14:20:02",18
"2025-03-07 14:20:03",21
"2025-03-07 14:20:04",19
"2025-03-07 14:20:05",21
"2025-03-07 14:20:06",20
"2025-03-07 14:20:07",19
"2025-03-07 14:20:08",21
"2025-03-07 14:20:09",19
"2025-03-07 14:20:10",21
"2025-03-07 14:20:11",20
"2025-03-07 14:20:12",19
"2025-03-07 14:20:13",21
"2025-03-07 14:20:14",19
"2025-03-07 14:20:15",21
"2025-03-07 14:20:16",20
"2025-03-07 14:20:17",19
"2025-03-07 14:20:18",21
"2025-03-07 14:20:19",19
"2025-03-07 14:20:20",21
"2025-03-07 14:20:21",21
"2025-03-07 14:20:22",18
"2025-03-07 14:20:23",21
"2025-03-07 14:20:24",19
"2025-03-07 14:20:25",21
"2025-03-07 14:20:26",21
"2025-03-07 14:20:27",18
"2025-03-07 14:20:28",21
"2025-03-07 14:20:29",19
"2025-03-07 14:20:30",21
"2025-03-07 14:20:31",20
"2025-03-07 14:20:32",19
"2025-03-07 14:20:33",21
"2025-03-07 14:20:34",19
"2025-03-07 14:20:35",21
"2025-03-07 14:20:36",21
"2025-03-07 14:20:37",18
"2025-03-07 14:20:38",21
"2025-03-07 14:20:39",19
"2025-03-07 14:20:40",21
"2025-03-07 14:20:41",21
"2025-03-07 14:20:42",18
"2025-03-07 14:20:43",21
"2025-03-07 14:20:44",19
"2025-03-07 14:20:45",21
"2025-03-07 14:20:46",21
"2025-03-07 14:20:47",18
"2025-03-07 14:20:48",21
"2025-03-07 14:20:49",19
"2025-03-07 14:20:50",21
"2025-03-07 14:20:51",20
"2025-03-07 14:20:52",19
"2025-03-07 14:20:53",21
"2025-03-07 14:20:54",19
"2025-03-07 14:20:55",21
"2025-03-07 14:20:56",19
"2025-03-07 14:20:57",20
"2025-03-07 14:20:58",21
"2025-03-07 14:20:59",19
"2025-03-07 14:21:00",21
"2025-03-07 14:21:01",20
"2025-03-07 14:21:02",19
"2025-03-07 14:21:03",21
"2025-03-07 14:21:04",19
"2025-03-07 14:21:05",21
"2025-03-07 14:21:06",21
"2025-03-07 14:21:07",18
"2025-03-07 14:21:08",21
"2025-03-07 14:21:09",19
"2025-03-07 14:21:10",21
"2025-03-07 14:21:11",19
"2025-03-07 14:21:12",20
"2025-03-07 14:21:13",21
"2025-03-07 14:21:14",19
"2025-03-07 14:21:15",21
"2025-03-07 14:21:16",21
"2025-03-07 14:21:17",18
"2025-03-07 14:21:18",21
"2025-03-07 14:21:19",19
"2025-03-07 14:21:20",21
"2025-03-07 14:21:21",21
"2025-03-07 14:21:22",18
"2025-03-07 14:21:23",21
"2025-03-07 14:21:24",19
"2025-03-07 14:21:25",21
"2025-03-07 14:21:26",21
"2025-03-07 14:21:27",18
"2025-03-07 14:21:28",21
"2025-03-07 14:21:29",19
"2025-03-07 14:21:30",21
"2025-03-07 14:21:31",21
"2025-03-07 14:21:32",18
"2025-03-07 14:21:33",21
"2025-03-07 14:21:34",19
"2025-03-07 14:21:35",21
"2025-03-07 14:21:36",21
"2025-03-07 14:21:37",18
"2025-03-07 14:21:38",21
"2025-03-07 14:21:39",19
"2025-03-07 14:21:40",21
"2025-03-07 14:21:41",21
"2025-03-07 14:21:42",18
"2025-03-07 14:21:43",21
"2025-03-07 14:21:44",19
"2025-03-07 14:21:45",21
"2025-03-07 14:21:46",21
"2025-03-07 14:21:47",18
"2025-03-07 14:21:48",21
"2025-03-07 14:21:49",19
"2025-03-07 14:21:50",21
"2025-03-07 14:21:51",21
"2025-03-07 14:21:52",18
"2025-03-07 14:21:53",21
"2025-03-07 14:21:54",19
"2025-03-07 14:21:55",21
"2025-03-07 14:21:56",21
"2025-03-07 14:21:57",18
"2025-03-07 14:21:58",21
"2025-03-07 14:21:59",19
"2025-03-07 14:22:00",21
"2025-03-07 14:22:01",21
"2025-03-07 14:22:02",18
"2025-03-07 14:22:03",21
"2025-03-07 14:22:04",19
"2025-03-07 14:22:05",21
"2025-03-07 14:22:06",21
"2025-03-07 14:22:07",18
"2025-03-07 14:22:08",21
"2025-03-07 14:22:09",19
"2025-03-07 14:22:10",21
"2025-03-07 14:22:11",21
"2025-03-07 14:22:12",18
"2025-03-07 14:22:13",21
"2025-03-07 14:22:14",19
"2025-03-07 14:22:15",21
"2025-03-07 14:22:16",21
"2025-03-07 14:22:17",18
"2025-03-07 14:22:18",21
"2025-03-07 14:22:19",19
"2025-03-07 14:22:20",21
"2025-03-07 14:22:21",21
"2025-03-07 14:22:22",18
"2025-03-07 14:22:23",21
"2025-03-07 14:22:24",19
"2025-03-07 14:22:25",21
"2025-03-07 14:22:26",21
"2025-03-07 14:22:27",18
"2025-03-07 14:22:28",21
"2025-03-07 14:22:29",19
"2025-03-07 14:22:30",21
"2025-03-07 14:22:31",21
"2025-03-07 14:22:32",18
"2025-03-07 14:22:33",21
"2025-03-07 14:22:34",19
"2025-03-07 14:22:35",21
"2025-03-07 14:22:36",21
"2025-03-07 14:22:37",18
"2025-03-07 14:22:38",21
"2025-03-07 14:22:39",19
"2025-03-07 14:22:40",21
"2025-03-07 14:22:41",20
"2025-03-07 14:22:42",19
"2025-03-07 14:22:43",21
"2025-03-07 14:22:44",19
"2025-03-07 14:22:45",21
"2025-03-07 14:22:46",21
"2025-03-07 14:22:47",18
"2025-03-07 14:22:48",21
"2025-03-07 14:22:49",19
"2025-03-07 14:22:50",21
"2025-03-07 14:22:51",20
"2025-03-07 14:22:52",19
"2025-03-07 14:22:53",21
"2025-03-07 14:22:54",19
"2025-03-07 14:22:55",21
"2025-03-07 14:22:56",20
"2025-03-07 14:22:57",19
"2025-03-07 14:22:58",21
"2025-03-07 14:22:59",19
"2025-03-07 14:23:00",21
"2025-03-07 14:23:01",21
"2025-03-07 14:23:02",18
"2025-03-07 14:23:03",21
"2025-03-07 14:23:04",19
"2025-03-07 14:23:05",21
"2025-03-07 14:23:06",20
"2025-03-07 14:23:07",19
"2025-03-07 14:23:08",21
"2025-03-07 14:23:09",19
"2025-03-07 14:23:10",21
"2025-03-07 14:23:11",20
"2025-03-07 14:23:12",19
"2025-03-07 14:23:13",21
"2025-03-07 14:23:14",19
"2025-03-07 14:23:15",21
"2025-03-07 14:23:16",20
"2025-03-07 14:23:17",19
"2025-03-07 14:23:18",21
"2025-03-07 14:23:19",19
"2025-03-07 14:23:20",21
"2025-03-07 14:23:21",20
"2025-03-07 14:23:22",19
"2025-03-07 14:23:23",21
"2025-03-07 14:23:24",19
"2025-03-07 14:23:25",21
"2025-03-07 14:23:26",20
"2025-03-07 14:23:27",19
"2025-03-07 14:23:28",21
"2025-03-07 14:23:29",19
"2025-03-07 14:23:30",21
"2025-03-07 14:23:31",20
"2025-03-07 14:23:32",19
"2025-03-07 14:23:33",21
"2025-03-07 14:23:34",19
"2025-03-07 14:23:35",21
"2025-03-07 14:23:36",21
"2025-03-07 14:23:37",18
"2025-03-07 14:23:38",21
"2025-03-07 14:23:39",19
"2025-03-07 14:23:40",21
"2025-03-07 14:23:41",21
"2025-03-07 14:23:42",18
"2025-03-07 14:23:43",21
"2025-03-07 14:23:44",19
"2025-03-07 14:23:45",21
"2025-03-07 14:23:46",20
"2025-03-07 14:23:47",19
"2025-03-07 14:23:48",21
"2025-03-07 14:23:49",19
"2025-03-07 14:23:50",21
"2025-03-07 14:23:51",20
"2025-03-07 14:23:52",19
"2025-03-07 14:23:53",21
"2025-03-07 14:23:54",19
"2025-03-07 14:23:55",21
"2025-03-07 14:23:56",21
"2025-03-07 14:23:57",18
"2025-03-07 14:23:58",21
"2025-03-07 14:23:59",19
"2025-03-07 14:24:00",21
"2025-03-07 14:24:01",21
"2025-03-07 14:24:02",18
"2025-03-07 14:24:03",21
"2025-03-07 14:24:04",19
"2025-03-07 14:24:05",21
"2025-03-07 14:24:06",20
"2025-03-07 14:24:07",19
"2025-03-07 14:24:08",21
"2025-03-07 14:24:09",19
"2025-03-07 14:24:10",21
"2025-03-07 14:24:11",21
"2025-03-07 14:24:12",18
"2025-03-07 14:24:13",21
"2025-03-07 14:24:14",19
"2025-03-07 14:24:15",21
"2025-03-07 14:24:16",20
"2025-03-07 14:24:17",19
"2025-03-07 14:24:18",21
"2025-03-07 14:24:19",19
"2025-03-07 14:24:20",21
"2025-03-07 14:24:21",21
"2025-03-07 14:24:22",18
"2025-03-07 14:24:23",21
"2025-03-07 14:24:24",19
"2025-03-07 14:24:25",21
"2025-03-07 14:24:26",21
"2025-03-07 14:24:27",18
"2025-03-07 14:24:28",21
"2025-03-07 14:24:29",19
"2025-03-07 14:24:30",21
"2025-03-07 14:24:31",21
"2025-03-07 14:24:32",18
"2025-03-07 14:24:33",21
"2025-03-07 14:24:34",19
"2025-03-07 14:24:35",21
"2025-03-07 14:24:36",21
"2025-03-07 14:24:37",18
"2025-03-07 14:24:38",21
"2025-03-07 14:24:39",19
"2025-03-07 14:24:40",21
"2025-03-07 14:24:41",21
"2025-03-07 14:24:42",18
"2025-03-07 14:24:43",21
"2025-03-07 14:24:44",19
"2025-03-07 14:24:45",21
"2025-03-07 14:24:46",21
"2025-03-07 14:24:47",18
"2025-03-07 14:24:48",21
"2025-03-07 14:24:49",19
"2025-03-07 14:24:50",21
"2025-03-07 14:24:51",20
"2025-03-07 14:24:52",19
"2025-03-07 14:24:53",21
"2025-03-07 14:24:54",19
"2025-03-07 14:24:55",21
"2025-03-07 14:24:56",20
"2025-03-07 14:24:57",19
"2025-03-07 14:24:58",21
"2025-03-07 14:24:59",19
"2025-03-07 14:25:00",21
"2025-03-07 14:25:01",19
"2025-03-07 14:25:02",20
"2025-03-07 14:25:03",21
"2025-03-07 14:25:04",19
"2025-03-07 14:25:05",21
"2025-03-07 14:25:06",21
"2025-03-07 14:25:07",18
"2025-03-07 14:25:08",21
"2025-03-07 14:25:09",19
"2025-03-07 14:25:10",21
"2025-03-07 14:25:11",20
"2025-03-07 14:25:12",19
"2025-03-07 14:25:13",21
"2025-03-07 14:25:14",19
"2025-03-07 14:25:15",21
"2025-03-07 14:25:16",20
"2025-03-07 14:25:17",19
"2025-03-07 14:25:18",21
"2025-03-07 14:25:19",19
"2025-03-07 14:25:20",21
"2025-03-07 14:25:21",20
"2025-03-07 14:25:22",19
"2025-03-07 14:25:23",21
"2025-03-07 14:25:24",19
"2025-03-07 14:25:25",21
"2025-03-07 14:25:26",21
"2025-03-07 14:25:27",18
"2025-03-07 14:25:28",21
"2025-03-07 14:25:29",19
"2025-03-07 14:25:30",21
"2025-03-07 14:25:31",21
"2025-03-07 14:25:32",18
"2025-03-07 14:25:33",21
"2025-03-07 14:25:34",19
"2025-03-07 14:25:35",21
"2025-03-07 14:25:36",21
"2025-03-07 14:25:37",18
"2025-03-07 14:25:38",21
"2025-03-07 14:25:39",19
"2025-03-07 14:25:40",21
"2025-03-07 14:25:41",21
"2025-03-07 14:25:42",18
"2025-03-07 14:25:43",21
"2025-03-07 14:25:44",19
"2025-03-07 14:25:45",21
"2025-03-07 14:25:46",20
"2025-03-07 14:25:47",19
"2025-03-07 14:25:48",21
"2025-03-07 14:25:49",19
"2025-03-07 14:25:50",21
"2025-03-07 14:25:51",20
"2025-03-07 14:25:52",19
"2025-03-07 14:25:53",21
"2025-03-07 14:25:54",19
"2025-03-07 14:25:55",21
"2025-03-07 14:25:56",20
"2025-03-07 14:25:57",19
"2025-03-07 14:25:58",21
"2025-03-07 14:25:59",19
"2025-03-07 14:26:00",21
"2025-03-07 14:26:01",20
"2025-03-07 14:26:02",19
"2025-03-07 14:26:03",21
"2025-03-07 14:26:04",19
"2025-03-07 14:26:05",21
"2025-03-07 14:26:06",19
"2025-03-07 14:26:07",20
"2025-03-07 14:26:08",21
"2025-03-07 14:26:09",19
"2025-03-07 14:26:10",21
"2025-03-07 14:26:11",21
"2025-03-07 14:26:12",18
"2025-03-07 14:26:13",21
"2025-03-07 14:26:14",19
"2025-03-07 14:26:15",21
"2025-03-07 14:26:16",21
"2025-03-07 14:26:17",18
"2025-03-07 14:26:18",21
"2025-03-07 14:26:19",19
"2025-03-07 14:26:20",21
"2025-03-07 14:26:21",20
"2025-03-07 14:26:22",19
"2025-03-07 14:26:23",21
"2025-03-07 14:26:24",19
"2025-03-07 14:26:25",21
"2025-03-07 14:26:26",19
"2025-03-07 14:26:27",20
"2025-03-07 14:26:28",21
"2025-03-07 14:26:29",19
"2025-03-07 14:26:30",21
"2025-03-07 14:26:31",18
"2025-03-07 14:26:32",21
"2025-03-07 14:26:33",21
"2025-03-07 14:26:34",19
"2025-03-07 14:26:35",21
"2025-03-07 14:26:36",19
"2025-03-07 14:26:37",20
"2025-03-07 14:26:38",21
"2025-03-07 14:26:39",19
"2025-03-07 14:26:40",21
"2025-03-07 14:26:41",21
"2025-03-07 14:26:42",18
"2025-03-07 14:26:43",21
"2025-03-07 14:26:44",19
"2025-03-07 14:26:45",21
"2025-03-07 14:26:46",19
"2025-03-07 14:26:47",20
"2025-03-07 14:26:48",21
"2025-03-07 14:26:49",19
"2025-03-07 14:26:50",21
"2025-03-07 14:26:51",19
"2025-03-07 14:26:52",20
"2025-03-07 14:26:53",21
"2025-03-07 14:26:54",19
"2025-03-07 14:26:55",21
"2025-03-07 14:26:56",19
"2025-03-07 14:26:57",20
"2025-03-07 14:26:58",21
"2025-03-07 14:26:59",19
"2025-03-07 14:27:00",21
"2025-03-07 14:27:01",20
"2025-03-07 14:27:02",19
"2025-03-07 14:27:03",21
"2025-03-07 14:27:04",19
"2025-03-07 14:27:05",21
"2025-03-07 14:27:06",20
"2025-03-07 14:27:07",19
"2025-03-07 14:27:08",21
"2025-03-07 14:27:09",19
"2025-03-07 14:27:10",21
"2025-03-07 14:27:11",20
"2025-03-07 14:27:12",19
"2025-03-07 14:27:13",21
"2025-03-07 14:27:14",19
"2025-03-07 14:27:15",21
"2025-03-07 14:27:16",20
"2025-03-07 14:27:17",19
"2025-03-07 14:27:18",21
"2025-03-07 14:27:19",19
"2025-03-07 14:27:20",21
"2025-03-07 14:27:21",18
"2025-03-07 14:27:22",21
"2025-03-07 14:27:23",21
"2025-03-07 14:27:24",19
"2025-03-07 14:27:25",21
"2025-03-07 14:27:26",20
"2025-03-07 14:27:27",19
"2025-03-07 14:27:28",21
"2025-03-07 14:27:29",19
"2025-03-07 14:27:30",21
"2025-03-07 14:27:31",19
"2025-03-07 14:27:32",20
"2025-03-07 14:27:33",21
"2025-03-07 14:27:34",19
"2025-03-07 14:27:35",21
"2025-03-07 14:27:36",21
"2025-03-07 14:27:37",18
"2025-03-07 14:27:38",21
"2025-03-07 14:27:39",19
"2025-03-07 14:27:40",21
"2025-03-07 14:27:41",20
"2025-03-07 14:27:42",19
"2025-03-07 14:27:43",21
"2025-03-07 14:27:44",19
"2025-03-07 14:27:45",21
"2025-03-07 14:27:46",19
"2025-03-07 14:27:47",20
"2025-03-07 14:27:48",21
"2025-03-07 14:27:49",19
"2025-03-07 14:27:50",21
"2025-03-07 14:27:51",20
"2025-03-07 14:27:52",19
"2025-03-07 14:27:53",21
"2025-03-07 14:27:54",19
"2025-03-07 14:27:55",21
"2025-03-07 14:27:56",19
"2025-03-07 14:27:57",20
"2025-03-07 14:27:58",21
"2025-03-07 14:27:59",19
"2025-03-07 14:28:00",21
"2025-03-07 14:28:01",20
"2025-03-07 14:28:02",19
"2025-03-07 14:28:03",21
"2025-03-07 14:28:04",19
"2025-03-07 14:28:05",21
"2025-03-07 14:28:06",20
"2025-03-07 14:28:07",19
"2025-03-07 14:28:08",21
"2025-03-07 14:28:09",19
"2025-03-07 14:28:10",21
"2025-03-07 14:28:11",20
"2025-03-07 14:28:12",19
"2025-03-07 14:28:13",21
"2025-03-07 14:28:14",19
"2025-03-07 14:28:15",21
"2025-03-07 14:28:16",20
"2025-03-07 14:28:17",19
"2025-03-07 14:28:18",21
"2025-03-07 14:28:19",19
"2025-03-07 14:28:20",21
"2025-03-07 14:28:21",18
"2025-03-07 14:28:22",21
"2025-03-07 14:28:23",21
"2025-03-07 14:28:24",19
"2025-03-07 14:28:25",21
"2025-03-07 14:28:26",20
"2025-03-07 14:28:27",19
"2025-03-07 14:28:28",21
"2025-03-07 14:28:29",19
"2025-03-07 14:28:30",21
"2025-03-07 14:28:31",20
"2025-03-07 14:28:32",19
"2025-03-07 14:28:33",21
"2025-03-07 14:28:34",19
"2025-03-07 14:28:35",21
"2025-03-07 14:28:36",20
"2025-03-07 14:28:37",19
"2025-03-07 14:28:38",21
"2025-03-07 14:28:39",19
"2025-03-07 14:28:40",21
"2025-03-07 14:28:41",20
"2025-03-07 14:28:42",19
"2025-03-07 14:28:43",21
"2025-03-07 14:28:44",19
"2025-03-07 14:28:45",21
"2025-03-07 14:28:46",20
"2025-03-07 14:28:47",19
"2025-03-07 14:28:48",21
"2025-03-07 14:28:49",19
"2025-03-07 14:28:50",21
"2025-03-07 14:28:51",20
"2025-03-07 14:28:52",19
"2025-03-07 14:28:53",21
"2025-03-07 14:28:54",19
"2025-03-07 14:28:55",21
"2025-03-07 14:28:56",20
"2025-03-07 14:28:57",19
"2025-03-07 14:28:58",21
"2025-03-07 14:28:59",19
"2025-03-07 14:29:00",21
"2025-03-07 14:29:01",19
"2025-03-07 14:29:02",20
"2025-03-07 14:29:03",21
"2025-03-07 14:29:04",19
"2025-03-07 14:29:05",21
"2025-03-07 14:29:06",20
"2025-03-07 14:29:07",19
"2025-03-07 14:29:08",21
"2025-03-07 14:29:09",19
"2025-03-07 14:29:10",21
"2025-03-07 14:29:11",19
"2025-03-07 14:29:12",20
"2025-03-07 14:29:13",21
"2025-03-07 14:29:14",19
"2025-03-07 14:29:15",21
"2025-03-07 14:29:16",20
"2025-03-07 14:29:17",19
"2025-03-07 14:29:18",21
"2025-03-07 14:29:19",19
"2025-03-07 14:29:20",21
"2025-03-07 14:29:21",20
"2025-03-07 14:29:22",19
"2025-03-07 14:29:23",21
"2025-03-07 14:29:24",19
"2025-03-07 14:29:25",21
"2025-03-07 14:29:26",20
"2025-03-07 14:29:27",19
"2025-03-07 14:29:28",21
"2025-03-07 14:29:29",19
"2025-03-07 14:29:30",21
"2025-03-07 14:29:31",21
"2025-03-07 14:29:32",18
"2025-03-07 14:29:33",21
"2025-03-07 14:29:34",19
"2025-03-07 14:29:35",21
"2025-03-07 14:29:36",20
"2025-03-07 14:29:37",19
"2025-03-07 14:29:38",21
"2025-03-07 14:29:39",19
"2025-03-07 14:29:40",21
"2025-03-07 14:29:41",20
"2025-03-07 14:29:42",19
"2025-03-07 14:29:43",21
"2025-03-07 14:29:44",19
"2025-03-07 14:29:45",21
"2025-03-07 14:29:46",20
"2025-03-07 14:29:47",19
"2025-03-07 14:29:48",21
"2025-03-07 14:29:49",19
"2025-03-07 14:29:50",21
"2025-03-07 14:29:51",20
"2025-03-07 14:29:52",19
"2025-03-07 14:29:53",21
"2025-03-07 14:29:54",19
"2025-03-07 14:29:55",21
"2025-03-07 14:29:56",21
"2025-03-07 14:29:57",18
"2025-03-07 14:29:58",21
"2025-03-07 14:29:59",19
"2025-03-07 14:30:00",21
"2025-03-07 14:30:01",20
"2025-03-07 14:30:02",19
"2025-03-07 14:30:03",21
"2025-03-07 14:30:04",19
"2025-03-07 14:30:05",21
"2025-03-07 14:30:06",20
"2025-03-07 14:30:07",19
"2025-03-07 14:30:08",21
"2025-03-07 14:30:09",19
"2025-03-07 14:30:10",21
"2025-03-07 14:30:11",21
"2025-03-07 14:30:12",18
"2025-03-07 14:30:13",21
"2025-03-07 14:30:14",19
"2025-03-07 14:30:15",21
"2025-03-07 14:30:16",20
"2025-03-07 14:30:17",19
"2025-03-07 14:30:18",21
"2025-03-07 14:30:19",19
"2025-03-07 14:30:20",21
"2025-03-07 14:30:21",21
"2025-03-07 14:30:22",18
"2025-03-07 14:30:23",21
"2025-03-07 14:30:24",19
"2025-03-07 14:30:25",21
"2025-03-07 14:30:26",20
"2025-03-07 14:30:27",19
"2025-03-07 14:30:28",21
"2025-03-07 14:30:29",19
"2025-03-07 14:30:30",21
"2025-03-07 14:30:31",20
"2025-03-07 14:30:32",19
"2025-03-07 14:30:33",21
"2025-03-07 14:30:34",19
"2025-03-07 14:30:35",21
"2025-03-07 14:30:36",20
"2025-03-07 14:30:37",19
"2025-03-07 14:30:38",21
"2025-03-07 14:30:39",19
"2025-03-07 14:30:40",21
"2025-03-07 14:30:41",19
"2025-03-07 14:30:42",20
"2025-03-07 14:30:43",21
"2025-03-07 14:30:44",19
"2025-03-07 14:30:45",21
"2025-03-07 14:30:46",19
"2025-03-07 14:30:47",20
"2025-03-07 14:30:48",21
"2025-03-07 14:30:49",19
"2025-03-07 14:30:50",21
"2025-03-07 14:30:51",20
"2025-03-07 14:30:52",19
"2025-03-07 14:30:53",21
"2025-03-07 14:30:54",19
"2025-03-07 14:30:55",21
"2025-03-07 14:30:56",20
"2025-03-07 14:30:57",19
"2025-03-07 14:30:58",21
"2025-03-07 14:30:59",19
"2025-03-07 14:31:00",21
"2025-03-07 14:31:01",20
"2025-03-07 14:31:02",19
"2025-03-07 14:31:03",21
"2025-03-07 14:31:04",19
"2025-03-07 14:31:05",21
"2025-03-07 14:31:06",20
"2025-03-07 14:31:07",19
"2025-03-07 14:31:08",21
"2025-03-07 14:31:09",19
"2025-03-07 14:31:10",21
"2025-03-07 14:31:11",19
"2025-03-07 14:31:12",20
"2025-03-07 14:31:13",21
"2025-03-07 14:31:14",19
"2025-03-07 14:31:15",21
"2025-03-07 14:31:16",20
"2025-03-07 14:31:17",19
"2025-03-07 14:31:18",21
"2025-03-07 14:31:19",19
"2025-03-07 14:31:20",21
"2025-03-07 14:31:21",18
"2025-03-07 14:31:22",21
"2025-03-07 14:31:23",21
"2025-03-07 14:31:24",19
"2025-03-07 14:31:25",21
"2025-03-07 14:31:26",20
"2025-03-07 14:31:27",19
"2025-03-07 14:31:28",21
"2025-03-07 14:31:29",19
"2025-03-07 14:31:30",21
"2025-03-07 14:31:31",20
"2025-03-07 14:31:32",19
"2025-03-07 14:31:33",21
"2025-03-07 14:31:34",19
"2025-03-07 14:31:35",21
"2025-03-07 14:31:36",19
"2025-03-07 14:31:37",20
"2025-03-07 14:31:38",21
"2025-03-07 14:31:39",19
"2025-03-07 14:31:40",21
"2025-03-07 14:31:41",20
"2025-03-07 14:31:42",19
"2025-03-07 14:31:43",21
"2025-03-07 14:31:44",19
"2025-03-07 14:31:45",21
"2025-03-07 14:31:46",20
"2025-03-07 14:31:47",19
"2025-03-07 14:31:48",21
"2025-03-07 14:31:49",6
